-- MySQL dump 10.13  Distrib 8.0.30, for Win64 (x86_64)
--
-- Host: 127.0.0.1    Database: ondary
-- ------------------------------------------------------
-- Server version	8.0.30

/*!40101 SET @OLD_CHARACTER_SET_CLIENT=@@CHARACTER_SET_CLIENT */;
/*!40101 SET @OLD_CHARACTER_SET_RESULTS=@@CHARACTER_SET_RESULTS */;
/*!40101 SET @OLD_COLLATION_CONNECTION=@@COLLATION_CONNECTION */;
/*!50503 SET NAMES utf8mb4 */;
/*!40103 SET @OLD_TIME_ZONE=@@TIME_ZONE */;
/*!40103 SET TIME_ZONE='+00:00' */;
/*!40014 SET @OLD_UNIQUE_CHECKS=@@UNIQUE_CHECKS, UNIQUE_CHECKS=0 */;
/*!40014 SET @OLD_FOREIGN_KEY_CHECKS=@@FOREIGN_KEY_CHECKS, FOREIGN_KEY_CHECKS=0 */;
/*!40101 SET @OLD_SQL_MODE=@@SQL_MODE, SQL_MODE='NO_AUTO_VALUE_ON_ZERO' */;
/*!40111 SET @OLD_SQL_NOTES=@@SQL_NOTES, SQL_NOTES=0 */;

--
-- Table structure for table `audit_logs`
--

DROP TABLE IF EXISTS `audit_logs`;
/*!40101 SET @saved_cs_client     = @@character_set_client */;
/*!50503 SET character_set_client = utf8mb4 */;
CREATE TABLE `audit_logs` (
  `id` int unsigned NOT NULL AUTO_INCREMENT,
  `user_id` int unsigned DEFAULT NULL,
  `username` varchar(50) DEFAULT NULL,
  `user_role` varchar(30) DEFAULT NULL,
  `action` varchar(50) NOT NULL,
  `module` varchar(80) NOT NULL,
  `table_name` varchar(80) DEFAULT NULL,
  `method` varchar(20) NOT NULL,
  `path` varchar(255) NOT NULL,
  `route` varchar(255) DEFAULT NULL,
  `resource_id` varchar(80) DEFAULT NULL,
  `status_code` int unsigned DEFAULT NULL,
  `duration_ms` int unsigned DEFAULT NULL,
  `ip_address` varchar(80) DEFAULT NULL,
  `user_agent` varchar(255) DEFAULT NULL,
  `query_params` json DEFAULT NULL,
  `request_body` json DEFAULT NULL,
  `old_values` json DEFAULT NULL,
  `new_values` json DEFAULT NULL,
  `changed_fields` json DEFAULT NULL,
  `database_changes` json DEFAULT NULL,
  `metadata` json DEFAULT NULL,
  `created_at` timestamp NOT NULL DEFAULT CURRENT_TIMESTAMP,
  PRIMARY KEY (`id`),
  KEY `IDX_AUDIT_LOGS_USER_ID` (`user_id`),
  KEY `IDX_AUDIT_LOGS_ACTION` (`action`),
  KEY `IDX_AUDIT_LOGS_MODULE` (`module`),
  KEY `IDX_AUDIT_LOGS_CREATED_AT` (`created_at`),
  CONSTRAINT `FK_bd2726fd31b35443f2245b93ba0` FOREIGN KEY (`user_id`) REFERENCES `users` (`id`) ON DELETE SET NULL
) ENGINE=InnoDB AUTO_INCREMENT=264 DEFAULT CHARSET=utf8mb4 COLLATE=utf8mb4_0900_ai_ci;
/*!40101 SET character_set_client = @saved_cs_client */;

--
-- Dumping data for table `audit_logs`
--

LOCK TABLES `audit_logs` WRITE;
/*!40000 ALTER TABLE `audit_logs` DISABLE KEYS */;
INSERT INTO `audit_logs` VALUES (1,NULL,NULL,NULL,'login','auth',NULL,'POST','/auth/login','/auth/login',NULL,401,30,'::1','Mozilla/5.0 (Windows NT 10.0; Win64; x64) AppleWebKit/537.36 (KHTML, like Gecko) Chrome/149.0.0.0 Safari/537.36',NULL,'{\"password\": \"[REDACTED]\", \"identifier\": \"administator\"}',NULL,NULL,NULL,NULL,'{\"error\": \"Username/email or password is incorrect\"}','2026-06-14 04:30:48'),(2,NULL,NULL,NULL,'login','auth',NULL,'POST','/auth/login','/auth/login',NULL,201,465,'::1','Mozilla/5.0 (Windows NT 10.0; Win64; x64) AppleWebKit/537.36 (KHTML, like Gecko) Chrome/149.0.0.0 Safari/537.36',NULL,'{\"password\": \"[REDACTED]\", \"identifier\": \"wilson\"}',NULL,NULL,NULL,NULL,NULL,'2026-06-14 04:30:52'),(3,3,'wilson','','read','timelogs',NULL,'GET','/timelogs','/timelogs',NULL,200,507,'::1','Mozilla/5.0 (Windows NT 10.0; Win64; x64) AppleWebKit/537.36 (KHTML, like Gecko) Chrome/149.0.0.0 Safari/537.36',NULL,NULL,NULL,NULL,NULL,NULL,NULL,'2026-06-14 04:30:57'),(4,3,'wilson','','read','sticky-notes',NULL,'GET','/sticky-notes','/sticky-notes',NULL,200,220,'::1','Mozilla/5.0 (Windows NT 10.0; Win64; x64) AppleWebKit/537.36 (KHTML, like Gecko) Chrome/149.0.0.0 Safari/537.36',NULL,NULL,NULL,NULL,NULL,NULL,NULL,'2026-06-14 04:30:57'),(5,3,'wilson','','read','users',NULL,'GET','/users/3','/users/:id','3',200,934,'::1','Mozilla/5.0 (Windows NT 10.0; Win64; x64) AppleWebKit/537.36 (KHTML, like Gecko) Chrome/149.0.0.0 Safari/537.36',NULL,NULL,NULL,NULL,NULL,NULL,NULL,'2026-06-14 04:30:58'),(6,3,'wilson','','read','manager-notes',NULL,'GET','/manager-notes','/manager-notes',NULL,200,562,'::1','Mozilla/5.0 (Windows NT 10.0; Win64; x64) AppleWebKit/537.36 (KHTML, like Gecko) Chrome/149.0.0.0 Safari/537.36',NULL,NULL,NULL,NULL,NULL,NULL,NULL,'2026-06-14 04:30:58'),(7,3,'wilson','manager','read','notifications',NULL,'GET','/notifications/me','/notifications/me',NULL,200,619,'::1','Mozilla/5.0 (Windows NT 10.0; Win64; x64) AppleWebKit/537.36 (KHTML, like Gecko) Chrome/149.0.0.0 Safari/537.36',NULL,NULL,NULL,NULL,NULL,NULL,NULL,'2026-06-14 04:30:58'),(8,3,'wilson','','read','task',NULL,'GET','/task','/task',NULL,200,1561,'::1','Mozilla/5.0 (Windows NT 10.0; Win64; x64) AppleWebKit/537.36 (KHTML, like Gecko) Chrome/149.0.0.0 Safari/537.36',NULL,NULL,NULL,NULL,NULL,NULL,NULL,'2026-06-14 04:30:58'),(9,3,'wilson','','read','task-todos',NULL,'GET','/task-todos','/task-todos',NULL,200,1484,'::1','Mozilla/5.0 (Windows NT 10.0; Win64; x64) AppleWebKit/537.36 (KHTML, like Gecko) Chrome/149.0.0.0 Safari/537.36',NULL,NULL,NULL,NULL,NULL,NULL,NULL,'2026-06-14 04:30:58'),(10,3,'wilson','','read','users',NULL,'GET','/users','/users',NULL,200,426,'::1','Mozilla/5.0 (Windows NT 10.0; Win64; x64) AppleWebKit/537.36 (KHTML, like Gecko) Chrome/149.0.0.0 Safari/537.36',NULL,NULL,NULL,NULL,NULL,NULL,NULL,'2026-06-14 04:30:58'),(11,3,'wilson','','read','timelogs',NULL,'GET','/timelogs','/timelogs',NULL,200,317,'::1','Mozilla/5.0 (Windows NT 10.0; Win64; x64) AppleWebKit/537.36 (KHTML, like Gecko) Chrome/149.0.0.0 Safari/537.36',NULL,NULL,NULL,NULL,NULL,NULL,NULL,'2026-06-14 04:30:58'),(12,3,'wilson','','read','users',NULL,'GET','/users','/users',NULL,200,44,'::1','Mozilla/5.0 (Windows NT 10.0; Win64; x64) AppleWebKit/537.36 (KHTML, like Gecko) Chrome/149.0.0.0 Safari/537.36',NULL,NULL,NULL,NULL,NULL,NULL,NULL,'2026-06-14 04:30:59'),(13,3,'wilson','','update','timelogs',NULL,'PATCH','/timelogs/31','/timelogs/:id','31',200,154,'::1','Mozilla/5.0 (Windows NT 10.0; Win64; x64) AppleWebKit/537.36 (KHTML, like Gecko) Chrome/149.0.0.0 Safari/537.36',NULL,'{\"end\": \"2026-06-14T04:31:14.795Z\", \"time\": \"15h 30m\", \"status\": \"finish\", \"minuted_logged\": 930}',NULL,NULL,NULL,NULL,NULL,'2026-06-14 04:31:15'),(14,3,'wilson','','read','projects',NULL,'GET','/projects','/projects',NULL,200,14,'::1','Mozilla/5.0 (Windows NT 10.0; Win64; x64) AppleWebKit/537.36 (KHTML, like Gecko) Chrome/149.0.0.0 Safari/537.36',NULL,NULL,NULL,NULL,NULL,NULL,NULL,'2026-06-14 04:31:21'),(15,3,'wilson','','read','task-todos',NULL,'GET','/task-todos','/task-todos',NULL,200,89,'::1','Mozilla/5.0 (Windows NT 10.0; Win64; x64) AppleWebKit/537.36 (KHTML, like Gecko) Chrome/149.0.0.0 Safari/537.36',NULL,NULL,NULL,NULL,NULL,NULL,NULL,'2026-06-14 04:31:23'),(16,3,'wilson','','read','users',NULL,'GET','/users','/users',NULL,200,95,'::1','Mozilla/5.0 (Windows NT 10.0; Win64; x64) AppleWebKit/537.36 (KHTML, like Gecko) Chrome/149.0.0.0 Safari/537.36',NULL,NULL,NULL,NULL,NULL,NULL,NULL,'2026-06-14 04:31:23'),(17,3,'wilson','','read','projects',NULL,'GET','/projects','/projects',NULL,200,77,'::1','Mozilla/5.0 (Windows NT 10.0; Win64; x64) AppleWebKit/537.36 (KHTML, like Gecko) Chrome/149.0.0.0 Safari/537.36',NULL,NULL,NULL,NULL,NULL,NULL,NULL,'2026-06-14 04:31:23'),(18,3,'wilson','','read','task-labels',NULL,'GET','/task-labels','/task-labels',NULL,200,136,'::1','Mozilla/5.0 (Windows NT 10.0; Win64; x64) AppleWebKit/537.36 (KHTML, like Gecko) Chrome/149.0.0.0 Safari/537.36',NULL,NULL,NULL,NULL,NULL,NULL,NULL,'2026-06-14 04:31:23'),(19,3,'wilson','','read','task',NULL,'GET','/task','/task',NULL,200,118,'::1','Mozilla/5.0 (Windows NT 10.0; Win64; x64) AppleWebKit/537.36 (KHTML, like Gecko) Chrome/149.0.0.0 Safari/537.36',NULL,NULL,NULL,NULL,NULL,NULL,NULL,'2026-06-14 04:31:23'),(20,3,'wilson','','read','timelogs',NULL,'GET','/timelogs','/timelogs',NULL,200,58,'::1','Mozilla/5.0 (Windows NT 10.0; Win64; x64) AppleWebKit/537.36 (KHTML, like Gecko) Chrome/149.0.0.0 Safari/537.36',NULL,NULL,NULL,NULL,NULL,NULL,NULL,'2026-06-14 04:31:23'),(21,3,'wilson','','read','task',NULL,'GET','/task?month=6&year=2026','/task',NULL,200,192,'::1','Mozilla/5.0 (Windows NT 10.0; Win64; x64) AppleWebKit/537.36 (KHTML, like Gecko) Chrome/149.0.0.0 Safari/537.36','{\"year\": \"2026\", \"month\": \"6\"}',NULL,NULL,NULL,NULL,NULL,NULL,'2026-06-14 04:31:23'),(22,3,'wilson','','read','projects',NULL,'GET','/projects','/projects',NULL,200,171,'::1','Mozilla/5.0 (Windows NT 10.0; Win64; x64) AppleWebKit/537.36 (KHTML, like Gecko) Chrome/149.0.0.0 Safari/537.36',NULL,NULL,NULL,NULL,NULL,NULL,NULL,'2026-06-14 04:31:23'),(23,3,'wilson','','read','task-labels',NULL,'GET','/task-labels','/task-labels',NULL,200,64,'::1','Mozilla/5.0 (Windows NT 10.0; Win64; x64) AppleWebKit/537.36 (KHTML, like Gecko) Chrome/149.0.0.0 Safari/537.36',NULL,NULL,NULL,NULL,NULL,NULL,NULL,'2026-06-14 04:31:23'),(24,3,'wilson','','read','users',NULL,'GET','/users','/users',NULL,200,41,'::1','Mozilla/5.0 (Windows NT 10.0; Win64; x64) AppleWebKit/537.36 (KHTML, like Gecko) Chrome/149.0.0.0 Safari/537.36',NULL,NULL,NULL,NULL,NULL,NULL,NULL,'2026-06-14 04:31:28'),(25,3,'wilson','','read','timelogs',NULL,'GET','/timelogs?month=6&year=2026','/timelogs',NULL,200,59,'::1','Mozilla/5.0 (Windows NT 10.0; Win64; x64) AppleWebKit/537.36 (KHTML, like Gecko) Chrome/149.0.0.0 Safari/537.36','{\"year\": \"2026\", \"month\": \"6\"}',NULL,NULL,NULL,NULL,NULL,NULL,'2026-06-14 04:31:28'),(26,3,'wilson','','read','task-todos',NULL,'GET','/task-todos?month=6&year=2026','/task-todos',NULL,200,72,'::1','Mozilla/5.0 (Windows NT 10.0; Win64; x64) AppleWebKit/537.36 (KHTML, like Gecko) Chrome/149.0.0.0 Safari/537.36','{\"year\": \"2026\", \"month\": \"6\"}',NULL,NULL,NULL,NULL,NULL,NULL,'2026-06-14 04:31:28'),(27,3,'wilson','','read','projects',NULL,'GET','/projects','/projects',NULL,200,82,'::1','Mozilla/5.0 (Windows NT 10.0; Win64; x64) AppleWebKit/537.36 (KHTML, like Gecko) Chrome/149.0.0.0 Safari/537.36',NULL,NULL,NULL,NULL,NULL,NULL,NULL,'2026-06-14 04:31:28'),(28,3,'wilson','','read','task',NULL,'GET','/task','/task',NULL,200,114,'::1','Mozilla/5.0 (Windows NT 10.0; Win64; x64) AppleWebKit/537.36 (KHTML, like Gecko) Chrome/149.0.0.0 Safari/537.36',NULL,NULL,NULL,NULL,NULL,NULL,NULL,'2026-06-14 04:31:28'),(29,3,'wilson','','read','task',NULL,'GET','/task?month=6&year=2026','/task',NULL,200,133,'::1','Mozilla/5.0 (Windows NT 10.0; Win64; x64) AppleWebKit/537.36 (KHTML, like Gecko) Chrome/149.0.0.0 Safari/537.36','{\"year\": \"2026\", \"month\": \"6\"}',NULL,NULL,NULL,NULL,NULL,NULL,'2026-06-14 04:31:28'),(30,3,'wilson','','read','task-todos',NULL,'GET','/task-todos','/task-todos',NULL,200,78,'::1','Mozilla/5.0 (Windows NT 10.0; Win64; x64) AppleWebKit/537.36 (KHTML, like Gecko) Chrome/149.0.0.0 Safari/537.36',NULL,NULL,NULL,NULL,NULL,NULL,NULL,'2026-06-14 04:31:28'),(31,3,'wilson','','read','timelogs',NULL,'GET','/timelogs','/timelogs',NULL,200,87,'::1','Mozilla/5.0 (Windows NT 10.0; Win64; x64) AppleWebKit/537.36 (KHTML, like Gecko) Chrome/149.0.0.0 Safari/537.36',NULL,NULL,NULL,NULL,NULL,NULL,NULL,'2026-06-14 04:31:28'),(32,NULL,NULL,NULL,'login','auth',NULL,'POST','/auth/login','/auth/login',NULL,401,7,'::1','Mozilla/5.0 (Windows NT 10.0; Win64; x64) AppleWebKit/537.36 (KHTML, like Gecko) Chrome/149.0.0.0 Safari/537.36',NULL,'{\"password\": \"[REDACTED]\", \"identifier\": \"Administrator\"}',NULL,NULL,NULL,NULL,'{\"error\": \"Username/email or password is incorrect\"}','2026-06-14 04:31:58'),(33,NULL,NULL,NULL,'login','auth',NULL,'POST','/auth/login','/auth/login',NULL,401,5,'::1','Mozilla/5.0 (Windows NT 10.0; Win64; x64) AppleWebKit/537.36 (KHTML, like Gecko) Chrome/149.0.0.0 Safari/537.36',NULL,'{\"password\": \"[REDACTED]\", \"identifier\": \"Administrator\"}',NULL,NULL,NULL,NULL,'{\"error\": \"Username/email or password is incorrect\"}','2026-06-14 04:32:04'),(34,NULL,NULL,NULL,'login','auth',NULL,'POST','/auth/login','/auth/login',NULL,201,517,'::1','Mozilla/5.0 (Windows NT 10.0; Win64; x64) AppleWebKit/537.36 (KHTML, like Gecko) Chrome/149.0.0.0 Safari/537.36',NULL,'{\"password\": \"[REDACTED]\", \"identifier\": \"wilson\"}',NULL,NULL,NULL,NULL,NULL,'2026-06-14 04:32:08'),(35,3,'wilson','','read','timelogs',NULL,'GET','/timelogs','/timelogs',NULL,200,56,'::1','Mozilla/5.0 (Windows NT 10.0; Win64; x64) AppleWebKit/537.36 (KHTML, like Gecko) Chrome/149.0.0.0 Safari/537.36',NULL,NULL,NULL,NULL,NULL,NULL,NULL,'2026-06-14 04:32:12'),(36,3,'wilson','','read','manager-notes',NULL,'GET','/manager-notes','/manager-notes',NULL,200,110,'::1','Mozilla/5.0 (Windows NT 10.0; Win64; x64) AppleWebKit/537.36 (KHTML, like Gecko) Chrome/149.0.0.0 Safari/537.36',NULL,NULL,NULL,NULL,NULL,NULL,NULL,'2026-06-14 04:32:13'),(37,3,'wilson','','read','users',NULL,'GET','/users/3','/users/:id','3',200,1451,'::1','Mozilla/5.0 (Windows NT 10.0; Win64; x64) AppleWebKit/537.36 (KHTML, like Gecko) Chrome/149.0.0.0 Safari/537.36',NULL,NULL,NULL,NULL,NULL,NULL,NULL,'2026-06-14 04:32:14'),(38,3,'wilson','','read','task-todos',NULL,'GET','/task-todos','/task-todos',NULL,200,752,'::1','Mozilla/5.0 (Windows NT 10.0; Win64; x64) AppleWebKit/537.36 (KHTML, like Gecko) Chrome/149.0.0.0 Safari/537.36',NULL,NULL,NULL,NULL,NULL,NULL,NULL,'2026-06-14 04:32:14'),(39,3,'wilson','manager','read','notifications',NULL,'GET','/notifications/me','/notifications/me',NULL,200,1774,'::1','Mozilla/5.0 (Windows NT 10.0; Win64; x64) AppleWebKit/537.36 (KHTML, like Gecko) Chrome/149.0.0.0 Safari/537.36',NULL,NULL,NULL,NULL,NULL,NULL,NULL,'2026-06-14 04:32:14'),(40,3,'wilson','','read','task',NULL,'GET','/task','/task',NULL,200,1874,'::1','Mozilla/5.0 (Windows NT 10.0; Win64; x64) AppleWebKit/537.36 (KHTML, like Gecko) Chrome/149.0.0.0 Safari/537.36',NULL,NULL,NULL,NULL,NULL,NULL,NULL,'2026-06-14 04:32:14'),(41,3,'wilson','','read','users',NULL,'GET','/users','/users',NULL,200,1681,'::1','Mozilla/5.0 (Windows NT 10.0; Win64; x64) AppleWebKit/537.36 (KHTML, like Gecko) Chrome/149.0.0.0 Safari/537.36',NULL,NULL,NULL,NULL,NULL,NULL,NULL,'2026-06-14 04:32:14'),(42,3,'wilson','','read','sticky-notes',NULL,'GET','/sticky-notes','/sticky-notes',NULL,200,341,'::1','Mozilla/5.0 (Windows NT 10.0; Win64; x64) AppleWebKit/537.36 (KHTML, like Gecko) Chrome/149.0.0.0 Safari/537.36',NULL,NULL,NULL,NULL,NULL,NULL,NULL,'2026-06-14 04:32:14'),(43,3,'wilson','','read','timelogs',NULL,'GET','/timelogs','/timelogs',NULL,200,95,'::1','Mozilla/5.0 (Windows NT 10.0; Win64; x64) AppleWebKit/537.36 (KHTML, like Gecko) Chrome/149.0.0.0 Safari/537.36',NULL,NULL,NULL,NULL,NULL,NULL,NULL,'2026-06-14 04:32:14'),(44,3,'wilson','','read','users',NULL,'GET','/users','/users',NULL,200,21,'::1','Mozilla/5.0 (Windows NT 10.0; Win64; x64) AppleWebKit/537.36 (KHTML, like Gecko) Chrome/149.0.0.0 Safari/537.36',NULL,NULL,NULL,NULL,NULL,NULL,NULL,'2026-06-14 04:32:16'),(45,3,'wilson','','update','users',NULL,'PATCH','/users/1','/users/:id','1',200,533,'::1','Mozilla/5.0 (Windows NT 10.0; Win64; x64) AppleWebKit/537.36 (KHTML, like Gecko) Chrome/149.0.0.0 Safari/537.36',NULL,'{\"name\": \"Administrator\", \"role\": \"member\", \"email\": \"admin@ondary.local\", \"password\": \"[REDACTED]\", \"username\": \"admin\"}',NULL,NULL,NULL,NULL,NULL,'2026-06-14 04:32:25'),(46,NULL,NULL,NULL,'login','auth',NULL,'POST','/auth/login','/auth/login',NULL,401,4,'::1','Mozilla/5.0 (Windows NT 10.0; Win64; x64) AppleWebKit/537.36 (KHTML, like Gecko) Chrome/149.0.0.0 Safari/537.36',NULL,'{\"password\": \"[REDACTED]\", \"identifier\": \"Administrator\"}',NULL,NULL,NULL,NULL,'{\"error\": \"Username/email or password is incorrect\"}','2026-06-14 04:32:38'),(47,NULL,NULL,NULL,'login','auth',NULL,'POST','/auth/login','/auth/login',NULL,201,579,'::1','Mozilla/5.0 (Windows NT 10.0; Win64; x64) AppleWebKit/537.36 (KHTML, like Gecko) Chrome/149.0.0.0 Safari/537.36',NULL,'{\"password\": \"[REDACTED]\", \"identifier\": \"admin\"}',NULL,NULL,NULL,NULL,NULL,'2026-06-14 04:32:41'),(48,1,'admin','','read','timelogs',NULL,'GET','/timelogs','/timelogs',NULL,200,47,'::1','Mozilla/5.0 (Windows NT 10.0; Win64; x64) AppleWebKit/537.36 (KHTML, like Gecko) Chrome/149.0.0.0 Safari/537.36',NULL,NULL,NULL,NULL,NULL,NULL,NULL,'2026-06-14 04:32:45'),(49,1,'admin','','read','users',NULL,'GET','/users/1','/users/:id','1',200,90,'::1','Mozilla/5.0 (Windows NT 10.0; Win64; x64) AppleWebKit/537.36 (KHTML, like Gecko) Chrome/149.0.0.0 Safari/537.36',NULL,NULL,NULL,NULL,NULL,NULL,NULL,'2026-06-14 04:32:45'),(50,1,'admin','','read','manager-notes',NULL,'GET','/manager-notes','/manager-notes',NULL,200,28,'::1','Mozilla/5.0 (Windows NT 10.0; Win64; x64) AppleWebKit/537.36 (KHTML, like Gecko) Chrome/149.0.0.0 Safari/537.36',NULL,NULL,NULL,NULL,NULL,NULL,NULL,'2026-06-14 04:32:45'),(51,1,'admin','','read','task-todos',NULL,'GET','/task-todos','/task-todos',NULL,200,53,'::1','Mozilla/5.0 (Windows NT 10.0; Win64; x64) AppleWebKit/537.36 (KHTML, like Gecko) Chrome/149.0.0.0 Safari/537.36',NULL,NULL,NULL,NULL,NULL,NULL,NULL,'2026-06-14 04:32:45'),(52,1,'admin','','read','task',NULL,'GET','/task','/task',NULL,200,103,'::1','Mozilla/5.0 (Windows NT 10.0; Win64; x64) AppleWebKit/537.36 (KHTML, like Gecko) Chrome/149.0.0.0 Safari/537.36',NULL,NULL,NULL,NULL,NULL,NULL,NULL,'2026-06-14 04:32:45'),(53,1,'admin','','read','sticky-notes',NULL,'GET','/sticky-notes','/sticky-notes',NULL,200,51,'::1','Mozilla/5.0 (Windows NT 10.0; Win64; x64) AppleWebKit/537.36 (KHTML, like Gecko) Chrome/149.0.0.0 Safari/537.36',NULL,NULL,NULL,NULL,NULL,NULL,NULL,'2026-06-14 04:32:45'),(54,1,'admin','member','read','notifications',NULL,'GET','/notifications/me','/notifications/me',NULL,200,62,'::1','Mozilla/5.0 (Windows NT 10.0; Win64; x64) AppleWebKit/537.36 (KHTML, like Gecko) Chrome/149.0.0.0 Safari/537.36',NULL,NULL,NULL,NULL,NULL,NULL,NULL,'2026-06-14 04:32:45'),(55,1,'admin','','read','timelogs',NULL,'GET','/timelogs','/timelogs',NULL,200,40,'::1','Mozilla/5.0 (Windows NT 10.0; Win64; x64) AppleWebKit/537.36 (KHTML, like Gecko) Chrome/149.0.0.0 Safari/537.36',NULL,NULL,NULL,NULL,NULL,NULL,NULL,'2026-06-14 04:32:45'),(56,1,'admin','','read','users',NULL,'GET','/users','/users',NULL,200,38,'::1','Mozilla/5.0 (Windows NT 10.0; Win64; x64) AppleWebKit/537.36 (KHTML, like Gecko) Chrome/149.0.0.0 Safari/537.36',NULL,NULL,NULL,NULL,NULL,NULL,NULL,'2026-06-14 04:33:08'),(57,1,'admin','','read','timelogs',NULL,'GET','/timelogs','/timelogs',NULL,200,24,'::1','Mozilla/5.0 (Windows NT 10.0; Win64; x64) AppleWebKit/537.36 (KHTML, like Gecko) Chrome/149.0.0.0 Safari/537.36',NULL,NULL,NULL,NULL,NULL,NULL,NULL,'2026-06-14 04:34:13'),(58,1,'admin','','read','users',NULL,'GET','/users/1','/users/:id','1',200,82,'::1','Mozilla/5.0 (Windows NT 10.0; Win64; x64) AppleWebKit/537.36 (KHTML, like Gecko) Chrome/149.0.0.0 Safari/537.36',NULL,NULL,NULL,NULL,NULL,NULL,NULL,'2026-06-14 04:34:13'),(59,1,'admin','admin','read','notifications',NULL,'GET','/notifications/me','/notifications/me',NULL,200,53,'::1','Mozilla/5.0 (Windows NT 10.0; Win64; x64) AppleWebKit/537.36 (KHTML, like Gecko) Chrome/149.0.0.0 Safari/537.36',NULL,NULL,NULL,NULL,NULL,NULL,NULL,'2026-06-14 04:34:13'),(60,1,'admin','','read','users',NULL,'GET','/users','/users',NULL,200,49,'::1','Mozilla/5.0 (Windows NT 10.0; Win64; x64) AppleWebKit/537.36 (KHTML, like Gecko) Chrome/149.0.0.0 Safari/537.36',NULL,NULL,NULL,NULL,NULL,NULL,NULL,'2026-06-14 04:34:13'),(61,NULL,NULL,NULL,'login','auth',NULL,'POST','/auth/login','/auth/login',NULL,201,552,'::1','Mozilla/5.0 (Windows NT 10.0; Win64; x64) AppleWebKit/537.36 (KHTML, like Gecko) Chrome/149.0.0.0 Safari/537.36',NULL,'{\"password\": \"[REDACTED]\", \"identifier\": \"admin\"}',NULL,NULL,NULL,NULL,NULL,'2026-06-14 04:34:21'),(62,1,'admin','','read','users',NULL,'GET','/users','/users',NULL,200,60,'::1','Mozilla/5.0 (Windows NT 10.0; Win64; x64) AppleWebKit/537.36 (KHTML, like Gecko) Chrome/149.0.0.0 Safari/537.36',NULL,NULL,NULL,NULL,NULL,NULL,NULL,'2026-06-14 04:34:25'),(63,1,'admin','','read','timelogs',NULL,'GET','/timelogs','/timelogs',NULL,200,55,'::1','Mozilla/5.0 (Windows NT 10.0; Win64; x64) AppleWebKit/537.36 (KHTML, like Gecko) Chrome/149.0.0.0 Safari/537.36',NULL,NULL,NULL,NULL,NULL,NULL,NULL,'2026-06-14 04:34:25'),(64,1,'admin','','read','users',NULL,'GET','/users/1','/users/:id','1',200,133,'::1','Mozilla/5.0 (Windows NT 10.0; Win64; x64) AppleWebKit/537.36 (KHTML, like Gecko) Chrome/149.0.0.0 Safari/537.36',NULL,NULL,NULL,NULL,NULL,NULL,NULL,'2026-06-14 04:34:25'),(65,1,'admin','admin','read','notifications',NULL,'GET','/notifications/me','/notifications/me',NULL,200,31,'::1','Mozilla/5.0 (Windows NT 10.0; Win64; x64) AppleWebKit/537.36 (KHTML, like Gecko) Chrome/149.0.0.0 Safari/537.36',NULL,NULL,NULL,NULL,NULL,NULL,NULL,'2026-06-14 04:34:25'),(66,1,'admin','','read','users',NULL,'GET','/users','/users',NULL,200,837,'::1','Mozilla/5.0 (Windows NT 10.0; Win64; x64) AppleWebKit/537.36 (KHTML, like Gecko) Chrome/149.0.0.0 Safari/537.36',NULL,NULL,NULL,NULL,NULL,NULL,NULL,'2026-06-14 04:34:48'),(67,1,'admin','','read','timelogs',NULL,'GET','/timelogs','/timelogs',NULL,200,1523,'::1','Mozilla/5.0 (Windows NT 10.0; Win64; x64) AppleWebKit/537.36 (KHTML, like Gecko) Chrome/149.0.0.0 Safari/537.36',NULL,NULL,NULL,NULL,NULL,NULL,NULL,'2026-06-14 04:42:07'),(68,1,'admin','admin','read','backups',NULL,'GET','/backups','/backups',NULL,200,320,'::1','Mozilla/5.0 (Windows NT 10.0; Win64; x64) AppleWebKit/537.36 (KHTML, like Gecko) Chrome/149.0.0.0 Safari/537.36',NULL,NULL,NULL,NULL,NULL,NULL,NULL,'2026-06-14 04:42:07'),(69,1,'admin','admin','read','notifications',NULL,'GET','/notifications/me','/notifications/me',NULL,200,58,'::1','Mozilla/5.0 (Windows NT 10.0; Win64; x64) AppleWebKit/537.36 (KHTML, like Gecko) Chrome/149.0.0.0 Safari/537.36',NULL,NULL,NULL,NULL,NULL,NULL,NULL,'2026-06-14 04:42:07'),(70,1,'admin','','read','users',NULL,'GET','/users/1','/users/:id','1',200,1533,'::1','Mozilla/5.0 (Windows NT 10.0; Win64; x64) AppleWebKit/537.36 (KHTML, like Gecko) Chrome/149.0.0.0 Safari/537.36',NULL,NULL,NULL,NULL,NULL,NULL,NULL,'2026-06-14 04:42:07'),(71,1,'admin','admin','read','activity-logs',NULL,'GET','/activity-logs?date_range=7d','/activity-logs',NULL,400,9,'::1','Mozilla/5.0 (Windows NT 10.0; Win64; x64) AppleWebKit/537.36 (KHTML, like Gecko) Chrome/149.0.0.0 Safari/537.36','{\"date_range\": \"7d\"}',NULL,NULL,NULL,NULL,NULL,'{\"error\": \"Bad Request Exception\"}','2026-06-14 04:42:12'),(72,1,'admin','admin','read','activity-logs',NULL,'GET','/activity-logs','/activity-logs',NULL,200,958,'::1','Mozilla/5.0 (Windows NT 10.0; Win64; x64) AppleWebKit/537.36 (KHTML, like Gecko) Chrome/149.0.0.0 Safari/537.36',NULL,NULL,NULL,NULL,NULL,NULL,NULL,'2026-06-14 04:42:22'),(73,1,'admin','admin','read','backups',NULL,'GET','/backups','/backups',NULL,200,1,'::1','Mozilla/5.0 (Windows NT 10.0; Win64; x64) AppleWebKit/537.36 (KHTML, like Gecko) Chrome/149.0.0.0 Safari/537.36',NULL,NULL,NULL,NULL,NULL,NULL,NULL,'2026-06-14 04:43:25'),(74,1,'admin','admin','read','activity-logs',NULL,'GET','/activity-logs?date_range=7d','/activity-logs',NULL,400,1,'::1','Mozilla/5.0 (Windows NT 10.0; Win64; x64) AppleWebKit/537.36 (KHTML, like Gecko) Chrome/149.0.0.0 Safari/537.36','{\"date_range\": \"7d\"}',NULL,NULL,NULL,NULL,NULL,'{\"error\": \"Bad Request Exception\"}','2026-06-14 04:43:26'),(75,1,'admin','admin','read','notifications',NULL,'GET','/notifications/me','/notifications/me',NULL,200,147,'::1','Mozilla/5.0 (Windows NT 10.0; Win64; x64) AppleWebKit/537.36 (KHTML, like Gecko) Chrome/149.0.0.0 Safari/537.36',NULL,NULL,NULL,NULL,NULL,NULL,NULL,'2026-06-14 04:59:08'),(76,1,'admin','','read','users',NULL,'GET','/users/1','/users/:id','1',200,695,'::1','Mozilla/5.0 (Windows NT 10.0; Win64; x64) AppleWebKit/537.36 (KHTML, like Gecko) Chrome/149.0.0.0 Safari/537.36',NULL,NULL,NULL,NULL,NULL,NULL,NULL,'2026-06-14 04:59:09'),(77,1,'admin','','read','timelogs',NULL,'GET','/timelogs','/timelogs',NULL,200,1052,'::1','Mozilla/5.0 (Windows NT 10.0; Win64; x64) AppleWebKit/537.36 (KHTML, like Gecko) Chrome/149.0.0.0 Safari/537.36',NULL,NULL,NULL,NULL,NULL,NULL,NULL,'2026-06-14 04:59:09'),(78,1,'admin','admin','read','activity-logs',NULL,'GET','/activity-logs?page=1&limit=10&date_range=7d','/activity-logs',NULL,200,863,'::1','Mozilla/5.0 (Windows NT 10.0; Win64; x64) AppleWebKit/537.36 (KHTML, like Gecko) Chrome/149.0.0.0 Safari/537.36','{\"page\": \"1\", \"limit\": \"10\", \"date_range\": \"7d\"}',NULL,NULL,NULL,NULL,NULL,NULL,'2026-06-14 04:59:09'),(79,5,'Faishal','','read','users',NULL,'GET','/users/5','/users/:id','5',200,26,'::1','Mozilla/5.0 (Windows NT 10.0; Win64; x64) AppleWebKit/537.36 (KHTML, like Gecko) Chrome/149.0.0.0 Safari/537.36',NULL,NULL,NULL,NULL,NULL,NULL,NULL,'2026-06-14 04:59:43'),(80,5,'Faishal','','read','timelogs',NULL,'GET','/timelogs','/timelogs',NULL,200,67,'::1','Mozilla/5.0 (Windows NT 10.0; Win64; x64) AppleWebKit/537.36 (KHTML, like Gecko) Chrome/149.0.0.0 Safari/537.36',NULL,NULL,NULL,NULL,NULL,NULL,NULL,'2026-06-14 04:59:43'),(81,5,'Faishal','','read','task',NULL,'GET','/task','/task',NULL,200,38,'::1','Mozilla/5.0 (Windows NT 10.0; Win64; x64) AppleWebKit/537.36 (KHTML, like Gecko) Chrome/149.0.0.0 Safari/537.36',NULL,NULL,NULL,NULL,NULL,NULL,NULL,'2026-06-14 04:59:43'),(82,5,'Faishal','member','read','notifications',NULL,'GET','/notifications/me','/notifications/me',NULL,200,155,'::1','Mozilla/5.0 (Windows NT 10.0; Win64; x64) AppleWebKit/537.36 (KHTML, like Gecko) Chrome/149.0.0.0 Safari/537.36',NULL,NULL,NULL,NULL,NULL,NULL,NULL,'2026-06-14 04:59:43'),(83,5,'Faishal','','read','manager-notes',NULL,'GET','/manager-notes','/manager-notes',NULL,200,51,'::1','Mozilla/5.0 (Windows NT 10.0; Win64; x64) AppleWebKit/537.36 (KHTML, like Gecko) Chrome/149.0.0.0 Safari/537.36',NULL,NULL,NULL,NULL,NULL,NULL,NULL,'2026-06-14 04:59:43'),(84,5,'Faishal','','read','timelogs',NULL,'GET','/timelogs','/timelogs',NULL,200,84,'::1','Mozilla/5.0 (Windows NT 10.0; Win64; x64) AppleWebKit/537.36 (KHTML, like Gecko) Chrome/149.0.0.0 Safari/537.36',NULL,NULL,NULL,NULL,NULL,NULL,NULL,'2026-06-14 04:59:43'),(85,5,'Faishal','','read','task-todos',NULL,'GET','/task-todos','/task-todos',NULL,200,181,'::1','Mozilla/5.0 (Windows NT 10.0; Win64; x64) AppleWebKit/537.36 (KHTML, like Gecko) Chrome/149.0.0.0 Safari/537.36',NULL,NULL,NULL,NULL,NULL,NULL,NULL,'2026-06-14 04:59:43'),(86,5,'Faishal','','read','sticky-notes',NULL,'GET','/sticky-notes','/sticky-notes',NULL,200,76,'::1','Mozilla/5.0 (Windows NT 10.0; Win64; x64) AppleWebKit/537.36 (KHTML, like Gecko) Chrome/149.0.0.0 Safari/537.36',NULL,NULL,NULL,NULL,NULL,NULL,NULL,'2026-06-14 04:59:43'),(87,1,'admin','admin','read','activity-logs',NULL,'GET','/activity-logs?page=5&limit=10&date_range=7d','/activity-logs',NULL,200,19,'::1','Mozilla/5.0 (Windows NT 10.0; Win64; x64) AppleWebKit/537.36 (KHTML, like Gecko) Chrome/149.0.0.0 Safari/537.36','{\"page\": \"5\", \"limit\": \"10\", \"date_range\": \"7d\"}',NULL,NULL,NULL,NULL,NULL,NULL,'2026-06-14 04:59:58'),(88,1,'admin','admin','read','activity-logs',NULL,'GET','/activity-logs?page=4&limit=10&date_range=7d','/activity-logs',NULL,200,9,'::1','Mozilla/5.0 (Windows NT 10.0; Win64; x64) AppleWebKit/537.36 (KHTML, like Gecko) Chrome/149.0.0.0 Safari/537.36','{\"page\": \"4\", \"limit\": \"10\", \"date_range\": \"7d\"}',NULL,NULL,NULL,NULL,NULL,NULL,'2026-06-14 05:00:07'),(89,1,'admin','admin','read','activity-logs',NULL,'GET','/activity-logs?page=1&limit=100&date_range=7d','/activity-logs',NULL,200,57,'::1','Mozilla/5.0 (Windows NT 10.0; Win64; x64) AppleWebKit/537.36 (KHTML, like Gecko) Chrome/149.0.0.0 Safari/537.36','{\"page\": \"1\", \"limit\": \"100\", \"date_range\": \"7d\"}',NULL,NULL,NULL,NULL,NULL,NULL,'2026-06-14 05:00:19'),(90,1,'admin','admin','read','activity-logs',NULL,'GET','/activity-logs?page=1&limit=100&action=update&date_range=7d','/activity-logs',NULL,200,17,'::1','Mozilla/5.0 (Windows NT 10.0; Win64; x64) AppleWebKit/537.36 (KHTML, like Gecko) Chrome/149.0.0.0 Safari/537.36','{\"page\": \"1\", \"limit\": \"100\", \"action\": \"update\", \"date_range\": \"7d\"}',NULL,NULL,NULL,NULL,NULL,NULL,'2026-06-14 05:00:29'),(91,1,'admin','admin','read','activity-logs',NULL,'GET','/activity-logs?page=1&limit=100&module=users&action=update&date_range=7d','/activity-logs',NULL,200,40,'::1','Mozilla/5.0 (Windows NT 10.0; Win64; x64) AppleWebKit/537.36 (KHTML, like Gecko) Chrome/149.0.0.0 Safari/537.36','{\"page\": \"1\", \"limit\": \"100\", \"action\": \"update\", \"module\": \"users\", \"date_range\": \"7d\"}',NULL,NULL,NULL,NULL,NULL,NULL,'2026-06-14 05:00:55'),(92,1,'admin','admin','read','activity-logs',NULL,'GET','/activity-logs?page=1&limit=100&module=users&date_range=7d','/activity-logs',NULL,200,10,'::1','Mozilla/5.0 (Windows NT 10.0; Win64; x64) AppleWebKit/537.36 (KHTML, like Gecko) Chrome/149.0.0.0 Safari/537.36','{\"page\": \"1\", \"limit\": \"100\", \"module\": \"users\", \"date_range\": \"7d\"}',NULL,NULL,NULL,NULL,NULL,NULL,'2026-06-14 05:00:57'),(93,1,'admin','admin','read','activity-logs',NULL,'GET','/activity-logs?page=1&limit=100&date_range=7d','/activity-logs',NULL,200,26,'::1','Mozilla/5.0 (Windows NT 10.0; Win64; x64) AppleWebKit/537.36 (KHTML, like Gecko) Chrome/149.0.0.0 Safari/537.36','{\"page\": \"1\", \"limit\": \"100\", \"date_range\": \"7d\"}',NULL,NULL,NULL,NULL,NULL,NULL,'2026-06-14 05:01:03'),(94,1,'admin','admin','read','activity-logs',NULL,'GET','/activity-logs?page=1&limit=100&search=a&date_range=7d','/activity-logs',NULL,200,21,'::1','Mozilla/5.0 (Windows NT 10.0; Win64; x64) AppleWebKit/537.36 (KHTML, like Gecko) Chrome/149.0.0.0 Safari/537.36','{\"page\": \"1\", \"limit\": \"100\", \"search\": \"a\", \"date_range\": \"7d\"}',NULL,NULL,NULL,NULL,NULL,NULL,'2026-06-14 05:01:15'),(95,1,'admin','admin','read','activity-logs',NULL,'GET','/activity-logs?page=1&limit=100&search=ad&date_range=7d','/activity-logs',NULL,200,35,'::1','Mozilla/5.0 (Windows NT 10.0; Win64; x64) AppleWebKit/537.36 (KHTML, like Gecko) Chrome/149.0.0.0 Safari/537.36','{\"page\": \"1\", \"limit\": \"100\", \"search\": \"ad\", \"date_range\": \"7d\"}',NULL,NULL,NULL,NULL,NULL,NULL,'2026-06-14 05:01:15'),(96,1,'admin','admin','read','activity-logs',NULL,'GET','/activity-logs?page=1&limit=100&search=adm&date_range=7d','/activity-logs',NULL,200,32,'::1','Mozilla/5.0 (Windows NT 10.0; Win64; x64) AppleWebKit/537.36 (KHTML, like Gecko) Chrome/149.0.0.0 Safari/537.36','{\"page\": \"1\", \"limit\": \"100\", \"search\": \"adm\", \"date_range\": \"7d\"}',NULL,NULL,NULL,NULL,NULL,NULL,'2026-06-14 05:01:15'),(97,1,'admin','admin','read','activity-logs',NULL,'GET','/activity-logs?page=1&limit=100&search=ad&date_range=7d','/activity-logs',NULL,200,17,'::1','Mozilla/5.0 (Windows NT 10.0; Win64; x64) AppleWebKit/537.36 (KHTML, like Gecko) Chrome/149.0.0.0 Safari/537.36','{\"page\": \"1\", \"limit\": \"100\", \"search\": \"ad\", \"date_range\": \"7d\"}',NULL,NULL,NULL,NULL,NULL,NULL,'2026-06-14 05:01:16'),(98,1,'admin','admin','read','activity-logs',NULL,'GET','/activity-logs?page=1&limit=100&search=a&date_range=7d','/activity-logs',NULL,200,18,'::1','Mozilla/5.0 (Windows NT 10.0; Win64; x64) AppleWebKit/537.36 (KHTML, like Gecko) Chrome/149.0.0.0 Safari/537.36','{\"page\": \"1\", \"limit\": \"100\", \"search\": \"a\", \"date_range\": \"7d\"}',NULL,NULL,NULL,NULL,NULL,NULL,'2026-06-14 05:01:16'),(99,1,'admin','admin','read','activity-logs',NULL,'GET','/activity-logs?page=1&limit=100&date_range=7d','/activity-logs',NULL,200,15,'::1','Mozilla/5.0 (Windows NT 10.0; Win64; x64) AppleWebKit/537.36 (KHTML, like Gecko) Chrome/149.0.0.0 Safari/537.36','{\"page\": \"1\", \"limit\": \"100\", \"date_range\": \"7d\"}',NULL,NULL,NULL,NULL,NULL,NULL,'2026-06-14 05:01:16'),(100,1,'admin','admin','read','activity-logs',NULL,'GET','/activity-logs?page=1&limit=100&search=r&date_range=7d','/activity-logs',NULL,200,16,'::1','Mozilla/5.0 (Windows NT 10.0; Win64; x64) AppleWebKit/537.36 (KHTML, like Gecko) Chrome/149.0.0.0 Safari/537.36','{\"page\": \"1\", \"limit\": \"100\", \"search\": \"r\", \"date_range\": \"7d\"}',NULL,NULL,NULL,NULL,NULL,NULL,'2026-06-14 05:01:17'),(101,1,'admin','admin','read','activity-logs',NULL,'GET','/activity-logs?page=1&limit=100&search=ra&date_range=7d','/activity-logs',NULL,200,7,'::1','Mozilla/5.0 (Windows NT 10.0; Win64; x64) AppleWebKit/537.36 (KHTML, like Gecko) Chrome/149.0.0.0 Safari/537.36','{\"page\": \"1\", \"limit\": \"100\", \"search\": \"ra\", \"date_range\": \"7d\"}',NULL,NULL,NULL,NULL,NULL,NULL,'2026-06-14 05:01:17'),(102,1,'admin','admin','read','activity-logs',NULL,'GET','/activity-logs?page=1&limit=100&search=ray&date_range=7d','/activity-logs',NULL,200,3,'::1','Mozilla/5.0 (Windows NT 10.0; Win64; x64) AppleWebKit/537.36 (KHTML, like Gecko) Chrome/149.0.0.0 Safari/537.36','{\"page\": \"1\", \"limit\": \"100\", \"search\": \"ray\", \"date_range\": \"7d\"}',NULL,NULL,NULL,NULL,NULL,NULL,'2026-06-14 05:01:17'),(103,1,'admin','admin','read','activity-logs',NULL,'GET','/activity-logs?page=1&limit=100&search=rayy&date_range=7d','/activity-logs',NULL,200,4,'::1','Mozilla/5.0 (Windows NT 10.0; Win64; x64) AppleWebKit/537.36 (KHTML, like Gecko) Chrome/149.0.0.0 Safari/537.36','{\"page\": \"1\", \"limit\": \"100\", \"search\": \"rayy\", \"date_range\": \"7d\"}',NULL,NULL,NULL,NULL,NULL,NULL,'2026-06-14 05:01:18'),(104,1,'admin','admin','read','activity-logs',NULL,'GET','/activity-logs?page=1&limit=100&search=ray&date_range=7d','/activity-logs',NULL,200,8,'::1','Mozilla/5.0 (Windows NT 10.0; Win64; x64) AppleWebKit/537.36 (KHTML, like Gecko) Chrome/149.0.0.0 Safari/537.36','{\"page\": \"1\", \"limit\": \"100\", \"search\": \"ray\", \"date_range\": \"7d\"}',NULL,NULL,NULL,NULL,NULL,NULL,'2026-06-14 05:01:18'),(105,1,'admin','admin','read','activity-logs',NULL,'GET','/activity-logs?page=1&limit=100&search=ra&date_range=7d','/activity-logs',NULL,200,8,'::1','Mozilla/5.0 (Windows NT 10.0; Win64; x64) AppleWebKit/537.36 (KHTML, like Gecko) Chrome/149.0.0.0 Safari/537.36','{\"page\": \"1\", \"limit\": \"100\", \"search\": \"ra\", \"date_range\": \"7d\"}',NULL,NULL,NULL,NULL,NULL,NULL,'2026-06-14 05:01:18'),(106,1,'admin','admin','read','activity-logs',NULL,'GET','/activity-logs?page=1&limit=100&search=ray&date_range=7d','/activity-logs',NULL,200,7,'::1','Mozilla/5.0 (Windows NT 10.0; Win64; x64) AppleWebKit/537.36 (KHTML, like Gecko) Chrome/149.0.0.0 Safari/537.36','{\"page\": \"1\", \"limit\": \"100\", \"search\": \"ray\", \"date_range\": \"7d\"}',NULL,NULL,NULL,NULL,NULL,NULL,'2026-06-14 05:01:19'),(107,1,'admin','admin','read','activity-logs',NULL,'GET','/activity-logs?page=1&limit=100&search=ra&date_range=7d','/activity-logs',NULL,200,7,'::1','Mozilla/5.0 (Windows NT 10.0; Win64; x64) AppleWebKit/537.36 (KHTML, like Gecko) Chrome/149.0.0.0 Safari/537.36','{\"page\": \"1\", \"limit\": \"100\", \"search\": \"ra\", \"date_range\": \"7d\"}',NULL,NULL,NULL,NULL,NULL,NULL,'2026-06-14 05:01:20'),(108,1,'admin','admin','read','activity-logs',NULL,'GET','/activity-logs?page=1&limit=100&search=r&date_range=7d','/activity-logs',NULL,200,41,'::1','Mozilla/5.0 (Windows NT 10.0; Win64; x64) AppleWebKit/537.36 (KHTML, like Gecko) Chrome/149.0.0.0 Safari/537.36','{\"page\": \"1\", \"limit\": \"100\", \"search\": \"r\", \"date_range\": \"7d\"}',NULL,NULL,NULL,NULL,NULL,NULL,'2026-06-14 05:01:21'),(109,1,'admin','admin','read','activity-logs',NULL,'GET','/activity-logs?page=1&limit=100&date_range=7d','/activity-logs',NULL,200,86,'::1','Mozilla/5.0 (Windows NT 10.0; Win64; x64) AppleWebKit/537.36 (KHTML, like Gecko) Chrome/149.0.0.0 Safari/537.36','{\"page\": \"1\", \"limit\": \"100\", \"date_range\": \"7d\"}',NULL,NULL,NULL,NULL,NULL,NULL,'2026-06-14 05:01:21'),(110,1,'admin','admin','read','activity-logs',NULL,'GET','/activity-logs?page=1&limit=100&search=w&date_range=7d','/activity-logs',NULL,200,57,'::1','Mozilla/5.0 (Windows NT 10.0; Win64; x64) AppleWebKit/537.36 (KHTML, like Gecko) Chrome/149.0.0.0 Safari/537.36','{\"page\": \"1\", \"limit\": \"100\", \"search\": \"w\", \"date_range\": \"7d\"}',NULL,NULL,NULL,NULL,NULL,NULL,'2026-06-14 05:01:21'),(111,1,'admin','admin','read','activity-logs',NULL,'GET','/activity-logs?page=1&limit=100&search=wi&date_range=7d','/activity-logs',NULL,200,21,'::1','Mozilla/5.0 (Windows NT 10.0; Win64; x64) AppleWebKit/537.36 (KHTML, like Gecko) Chrome/149.0.0.0 Safari/537.36','{\"page\": \"1\", \"limit\": \"100\", \"search\": \"wi\", \"date_range\": \"7d\"}',NULL,NULL,NULL,NULL,NULL,NULL,'2026-06-14 05:01:21'),(112,1,'admin','admin','read','activity-logs',NULL,'GET','/activity-logs?page=1&limit=100&search=wil&date_range=7d','/activity-logs',NULL,200,11,'::1','Mozilla/5.0 (Windows NT 10.0; Win64; x64) AppleWebKit/537.36 (KHTML, like Gecko) Chrome/149.0.0.0 Safari/537.36','{\"page\": \"1\", \"limit\": \"100\", \"search\": \"wil\", \"date_range\": \"7d\"}',NULL,NULL,NULL,NULL,NULL,NULL,'2026-06-14 05:01:21'),(113,1,'admin','admin','read','activity-logs',NULL,'GET','/activity-logs?page=1&limit=100&search=wils&date_range=7d','/activity-logs',NULL,200,11,'::1','Mozilla/5.0 (Windows NT 10.0; Win64; x64) AppleWebKit/537.36 (KHTML, like Gecko) Chrome/149.0.0.0 Safari/537.36','{\"page\": \"1\", \"limit\": \"100\", \"search\": \"wils\", \"date_range\": \"7d\"}',NULL,NULL,NULL,NULL,NULL,NULL,'2026-06-14 05:01:22'),(114,1,'admin','admin','read','activity-logs',NULL,'GET','/activity-logs?page=1&limit=100&search=wil&date_range=7d','/activity-logs',NULL,200,11,'::1','Mozilla/5.0 (Windows NT 10.0; Win64; x64) AppleWebKit/537.36 (KHTML, like Gecko) Chrome/149.0.0.0 Safari/537.36','{\"page\": \"1\", \"limit\": \"100\", \"search\": \"wil\", \"date_range\": \"7d\"}',NULL,NULL,NULL,NULL,NULL,NULL,'2026-06-14 05:01:23'),(115,1,'admin','admin','read','activity-logs',NULL,'GET','/activity-logs?page=1&limit=100&search=wi&date_range=7d','/activity-logs',NULL,200,11,'::1','Mozilla/5.0 (Windows NT 10.0; Win64; x64) AppleWebKit/537.36 (KHTML, like Gecko) Chrome/149.0.0.0 Safari/537.36','{\"page\": \"1\", \"limit\": \"100\", \"search\": \"wi\", \"date_range\": \"7d\"}',NULL,NULL,NULL,NULL,NULL,NULL,'2026-06-14 05:01:23'),(116,1,'admin','admin','read','activity-logs',NULL,'GET','/activity-logs?page=1&limit=100&search=w&date_range=7d','/activity-logs',NULL,200,9,'::1','Mozilla/5.0 (Windows NT 10.0; Win64; x64) AppleWebKit/537.36 (KHTML, like Gecko) Chrome/149.0.0.0 Safari/537.36','{\"page\": \"1\", \"limit\": \"100\", \"search\": \"w\", \"date_range\": \"7d\"}',NULL,NULL,NULL,NULL,NULL,NULL,'2026-06-14 05:01:23'),(117,1,'admin','admin','read','activity-logs',NULL,'GET','/activity-logs?page=1&limit=100&date_range=7d','/activity-logs',NULL,200,15,'::1','Mozilla/5.0 (Windows NT 10.0; Win64; x64) AppleWebKit/537.36 (KHTML, like Gecko) Chrome/149.0.0.0 Safari/537.36','{\"page\": \"1\", \"limit\": \"100\", \"date_range\": \"7d\"}',NULL,NULL,NULL,NULL,NULL,NULL,'2026-06-14 05:01:23'),(118,1,'admin','admin','read','activity-logs',NULL,'GET','/activity-logs?page=1&limit=100&search=f&date_range=7d','/activity-logs',NULL,200,7,'::1','Mozilla/5.0 (Windows NT 10.0; Win64; x64) AppleWebKit/537.36 (KHTML, like Gecko) Chrome/149.0.0.0 Safari/537.36','{\"page\": \"1\", \"limit\": \"100\", \"search\": \"f\", \"date_range\": \"7d\"}',NULL,NULL,NULL,NULL,NULL,NULL,'2026-06-14 05:01:24'),(119,1,'admin','admin','read','activity-logs',NULL,'GET','/activity-logs?page=1&limit=100&search=fa&date_range=7d','/activity-logs',NULL,200,6,'::1','Mozilla/5.0 (Windows NT 10.0; Win64; x64) AppleWebKit/537.36 (KHTML, like Gecko) Chrome/149.0.0.0 Safari/537.36','{\"page\": \"1\", \"limit\": \"100\", \"search\": \"fa\", \"date_range\": \"7d\"}',NULL,NULL,NULL,NULL,NULL,NULL,'2026-06-14 05:01:24'),(120,1,'admin','admin','read','activity-logs',NULL,'GET','/activity-logs?page=1&limit=100&search=fai&date_range=7d','/activity-logs',NULL,200,6,'::1','Mozilla/5.0 (Windows NT 10.0; Win64; x64) AppleWebKit/537.36 (KHTML, like Gecko) Chrome/149.0.0.0 Safari/537.36','{\"page\": \"1\", \"limit\": \"100\", \"search\": \"fai\", \"date_range\": \"7d\"}',NULL,NULL,NULL,NULL,NULL,NULL,'2026-06-14 05:01:24'),(121,1,'admin','admin','read','activity-logs',NULL,'GET','/activity-logs?page=1&limit=100&date_range=7d','/activity-logs',NULL,200,20,'::1','Mozilla/5.0 (Windows NT 10.0; Win64; x64) AppleWebKit/537.36 (KHTML, like Gecko) Chrome/149.0.0.0 Safari/537.36','{\"page\": \"1\", \"limit\": \"100\", \"date_range\": \"7d\"}',NULL,NULL,NULL,NULL,NULL,NULL,'2026-06-14 05:01:46'),(122,1,'admin','','read','timelogs',NULL,'GET','/timelogs','/timelogs',NULL,200,145,'::1','Mozilla/5.0 (Windows NT 10.0; Win64; x64) AppleWebKit/537.36 (KHTML, like Gecko) Chrome/149.0.0.0 Safari/537.36',NULL,NULL,NULL,NULL,NULL,NULL,NULL,'2026-06-14 05:01:55'),(123,1,'admin','','read','users',NULL,'GET','/users/1','/users/:id','1',200,233,'::1','Mozilla/5.0 (Windows NT 10.0; Win64; x64) AppleWebKit/537.36 (KHTML, like Gecko) Chrome/149.0.0.0 Safari/537.36',NULL,NULL,NULL,NULL,NULL,NULL,NULL,'2026-06-14 05:01:56'),(124,1,'admin','admin','read','notifications',NULL,'GET','/notifications/me','/notifications/me',NULL,200,79,'::1','Mozilla/5.0 (Windows NT 10.0; Win64; x64) AppleWebKit/537.36 (KHTML, like Gecko) Chrome/149.0.0.0 Safari/537.36',NULL,NULL,NULL,NULL,NULL,NULL,NULL,'2026-06-14 05:01:56'),(125,1,'admin','admin','read','activity-logs',NULL,'GET','/activity-logs?page=1&limit=10&date_range=7d','/activity-logs',NULL,200,103,'::1','Mozilla/5.0 (Windows NT 10.0; Win64; x64) AppleWebKit/537.36 (KHTML, like Gecko) Chrome/149.0.0.0 Safari/537.36','{\"page\": \"1\", \"limit\": \"10\", \"date_range\": \"7d\"}',NULL,NULL,NULL,NULL,NULL,NULL,'2026-06-14 05:01:56'),(126,1,'admin','admin','read','activity-logs',NULL,'GET','/activity-logs?page=2&limit=10&date_range=7d','/activity-logs',NULL,200,11,'::1','Mozilla/5.0 (Windows NT 10.0; Win64; x64) AppleWebKit/537.36 (KHTML, like Gecko) Chrome/149.0.0.0 Safari/537.36','{\"page\": \"2\", \"limit\": \"10\", \"date_range\": \"7d\"}',NULL,NULL,NULL,NULL,NULL,NULL,'2026-06-14 05:02:01'),(127,1,'admin','admin','read','activity-logs',NULL,'GET','/activity-logs?page=5&limit=10&date_range=7d','/activity-logs',NULL,200,15,'::1','Mozilla/5.0 (Windows NT 10.0; Win64; x64) AppleWebKit/537.36 (KHTML, like Gecko) Chrome/149.0.0.0 Safari/537.36','{\"page\": \"5\", \"limit\": \"10\", \"date_range\": \"7d\"}',NULL,NULL,NULL,NULL,NULL,NULL,'2026-06-14 05:02:03'),(128,1,'admin','admin','read','activity-logs',NULL,'GET','/activity-logs?page=1&limit=10&search=f&date_range=7d','/activity-logs',NULL,200,13,'::1','Mozilla/5.0 (Windows NT 10.0; Win64; x64) AppleWebKit/537.36 (KHTML, like Gecko) Chrome/149.0.0.0 Safari/537.36','{\"page\": \"1\", \"limit\": \"10\", \"search\": \"f\", \"date_range\": \"7d\"}',NULL,NULL,NULL,NULL,NULL,NULL,'2026-06-14 05:02:08'),(129,1,'admin','admin','read','activity-logs',NULL,'GET','/activity-logs?page=1&limit=10&search=fa&date_range=7d','/activity-logs',NULL,200,11,'::1','Mozilla/5.0 (Windows NT 10.0; Win64; x64) AppleWebKit/537.36 (KHTML, like Gecko) Chrome/149.0.0.0 Safari/537.36','{\"page\": \"1\", \"limit\": \"10\", \"search\": \"fa\", \"date_range\": \"7d\"}',NULL,NULL,NULL,NULL,NULL,NULL,'2026-06-14 05:02:08'),(130,1,'admin','admin','read','activity-logs',NULL,'GET','/activity-logs?page=1&limit=10&search=fai&date_range=7d','/activity-logs',NULL,200,13,'::1','Mozilla/5.0 (Windows NT 10.0; Win64; x64) AppleWebKit/537.36 (KHTML, like Gecko) Chrome/149.0.0.0 Safari/537.36','{\"page\": \"1\", \"limit\": \"10\", \"search\": \"fai\", \"date_range\": \"7d\"}',NULL,NULL,NULL,NULL,NULL,NULL,'2026-06-14 05:02:08'),(131,1,'admin','admin','read','activity-logs',NULL,'GET','/activity-logs?page=1&limit=10&search=fais&date_range=7d','/activity-logs',NULL,200,8,'::1','Mozilla/5.0 (Windows NT 10.0; Win64; x64) AppleWebKit/537.36 (KHTML, like Gecko) Chrome/149.0.0.0 Safari/537.36','{\"page\": \"1\", \"limit\": \"10\", \"search\": \"fais\", \"date_range\": \"7d\"}',NULL,NULL,NULL,NULL,NULL,NULL,'2026-06-14 05:02:08'),(132,1,'admin','admin','read','activity-logs',NULL,'GET','/activity-logs?page=1&limit=10&search=fai&date_range=7d','/activity-logs',NULL,200,8,'::1','Mozilla/5.0 (Windows NT 10.0; Win64; x64) AppleWebKit/537.36 (KHTML, like Gecko) Chrome/149.0.0.0 Safari/537.36','{\"page\": \"1\", \"limit\": \"10\", \"search\": \"fai\", \"date_range\": \"7d\"}',NULL,NULL,NULL,NULL,NULL,NULL,'2026-06-14 05:02:13'),(133,1,'admin','admin','read','activity-logs',NULL,'GET','/activity-logs?page=1&limit=10&search=fa&date_range=7d','/activity-logs',NULL,200,10,'::1','Mozilla/5.0 (Windows NT 10.0; Win64; x64) AppleWebKit/537.36 (KHTML, like Gecko) Chrome/149.0.0.0 Safari/537.36','{\"page\": \"1\", \"limit\": \"10\", \"search\": \"fa\", \"date_range\": \"7d\"}',NULL,NULL,NULL,NULL,NULL,NULL,'2026-06-14 05:02:13'),(134,1,'admin','admin','read','activity-logs',NULL,'GET','/activity-logs?page=1&limit=10&search=f&date_range=7d','/activity-logs',NULL,200,8,'::1','Mozilla/5.0 (Windows NT 10.0; Win64; x64) AppleWebKit/537.36 (KHTML, like Gecko) Chrome/149.0.0.0 Safari/537.36','{\"page\": \"1\", \"limit\": \"10\", \"search\": \"f\", \"date_range\": \"7d\"}',NULL,NULL,NULL,NULL,NULL,NULL,'2026-06-14 05:02:14'),(135,1,'admin','admin','read','activity-logs',NULL,'GET','/activity-logs?page=1&limit=10&date_range=7d','/activity-logs',NULL,200,9,'::1','Mozilla/5.0 (Windows NT 10.0; Win64; x64) AppleWebKit/537.36 (KHTML, like Gecko) Chrome/149.0.0.0 Safari/537.36','{\"page\": \"1\", \"limit\": \"10\", \"date_range\": \"7d\"}',NULL,NULL,NULL,NULL,NULL,NULL,'2026-06-14 05:02:14'),(136,1,'admin','admin','read','activity-logs',NULL,'GET','/activity-logs?page=1&limit=100&date_range=7d','/activity-logs',NULL,200,18,'::1','Mozilla/5.0 (Windows NT 10.0; Win64; x64) AppleWebKit/537.36 (KHTML, like Gecko) Chrome/149.0.0.0 Safari/537.36','{\"page\": \"1\", \"limit\": \"100\", \"date_range\": \"7d\"}',NULL,NULL,NULL,NULL,NULL,NULL,'2026-06-14 05:02:21'),(137,1,'admin','admin','read','activity-logs',NULL,'GET','/activity-logs?page=1&limit=100&module=auth&date_range=7d','/activity-logs',NULL,200,8,'::1','Mozilla/5.0 (Windows NT 10.0; Win64; x64) AppleWebKit/537.36 (KHTML, like Gecko) Chrome/149.0.0.0 Safari/537.36','{\"page\": \"1\", \"limit\": \"100\", \"module\": \"auth\", \"date_range\": \"7d\"}',NULL,NULL,NULL,NULL,NULL,NULL,'2026-06-14 05:02:30'),(138,1,'admin','admin','read','activity-logs',NULL,'GET','/activity-logs?page=1&limit=100&date_range=7d','/activity-logs',NULL,200,17,'::1','Mozilla/5.0 (Windows NT 10.0; Win64; x64) AppleWebKit/537.36 (KHTML, like Gecko) Chrome/149.0.0.0 Safari/537.36','{\"page\": \"1\", \"limit\": \"100\", \"date_range\": \"7d\"}',NULL,NULL,NULL,NULL,NULL,NULL,'2026-06-14 05:03:05'),(139,1,'admin','admin','read','activity-logs',NULL,'GET','/activity-logs?page=1&limit=100&action=update&date_range=7d','/activity-logs',NULL,200,8,'::1','Mozilla/5.0 (Windows NT 10.0; Win64; x64) AppleWebKit/537.36 (KHTML, like Gecko) Chrome/149.0.0.0 Safari/537.36','{\"page\": \"1\", \"limit\": \"100\", \"action\": \"update\", \"date_range\": \"7d\"}',NULL,NULL,NULL,NULL,NULL,NULL,'2026-06-14 05:03:07'),(140,1,'admin','admin','read','backups',NULL,'GET','/backups?page=1&limit=10','/backups',NULL,200,12,'::1','Mozilla/5.0 (Windows NT 10.0; Win64; x64) AppleWebKit/537.36 (KHTML, like Gecko) Chrome/149.0.0.0 Safari/537.36','{\"page\": \"1\", \"limit\": \"10\"}',NULL,NULL,NULL,NULL,NULL,NULL,'2026-06-14 05:04:38'),(141,1,'admin','admin','create','backups',NULL,'POST','/backups','/backups',NULL,500,21,'::1','Mozilla/5.0 (Windows NT 10.0; Win64; x64) AppleWebKit/537.36 (KHTML, like Gecko) Chrome/149.0.0.0 Safari/537.36',NULL,NULL,NULL,NULL,NULL,NULL,'{\"error\": \"spawn mysqldump ENOENT\"}','2026-06-14 05:04:40'),(142,1,'admin','','read','users',NULL,'GET','/users','/users',NULL,200,48,'::1','Mozilla/5.0 (Windows NT 10.0; Win64; x64) AppleWebKit/537.36 (KHTML, like Gecko) Chrome/149.0.0.0 Safari/537.36',NULL,NULL,NULL,NULL,NULL,NULL,NULL,'2026-06-14 05:04:46'),(143,1,'admin','admin','read','activity-logs',NULL,'GET','/activity-logs?page=1&limit=10&date_range=7d','/activity-logs',NULL,200,16,'::1','Mozilla/5.0 (Windows NT 10.0; Win64; x64) AppleWebKit/537.36 (KHTML, like Gecko) Chrome/149.0.0.0 Safari/537.36','{\"page\": \"1\", \"limit\": \"10\", \"date_range\": \"7d\"}',NULL,NULL,NULL,NULL,NULL,NULL,'2026-06-14 05:04:47'),(144,1,'admin','admin','read','notifications',NULL,'GET','/notifications/me','/notifications/me',NULL,200,74,'::1','Mozilla/5.0 (Windows NT 10.0; Win64; x64) AppleWebKit/537.36 (KHTML, like Gecko) Chrome/149.0.0.0 Safari/537.36',NULL,NULL,NULL,NULL,NULL,NULL,NULL,'2026-06-14 07:04:49'),(145,1,'admin','','read','timelogs',NULL,'GET','/timelogs','/timelogs',NULL,200,973,'::1','Mozilla/5.0 (Windows NT 10.0; Win64; x64) AppleWebKit/537.36 (KHTML, like Gecko) Chrome/149.0.0.0 Safari/537.36',NULL,NULL,NULL,NULL,NULL,NULL,NULL,'2026-06-14 07:04:49'),(146,1,'admin','','read','users',NULL,'GET','/users/1','/users/:id','1',200,422,'::1','Mozilla/5.0 (Windows NT 10.0; Win64; x64) AppleWebKit/537.36 (KHTML, like Gecko) Chrome/149.0.0.0 Safari/537.36',NULL,NULL,NULL,NULL,NULL,NULL,NULL,'2026-06-14 07:04:49'),(147,1,'admin','','read','users',NULL,'GET','/users','/users',NULL,200,430,'::1','Mozilla/5.0 (Windows NT 10.0; Win64; x64) AppleWebKit/537.36 (KHTML, like Gecko) Chrome/149.0.0.0 Safari/537.36',NULL,NULL,NULL,NULL,NULL,NULL,NULL,'2026-06-14 07:04:49'),(148,1,'admin','admin','read','activity-logs',NULL,'GET','/activity-logs?page=1&limit=10&date_range=7d','/activity-logs',NULL,200,113,'::1','Mozilla/5.0 (Windows NT 10.0; Win64; x64) AppleWebKit/537.36 (KHTML, like Gecko) Chrome/149.0.0.0 Safari/537.36','{\"page\": \"1\", \"limit\": \"10\", \"date_range\": \"7d\"}',NULL,NULL,NULL,NULL,NULL,NULL,'2026-06-14 07:04:52'),(149,1,'admin','admin','read','activity-logs',NULL,'GET','/activity-logs?page=2&limit=10&date_range=7d','/activity-logs',NULL,200,22,'::1','Mozilla/5.0 (Windows NT 10.0; Win64; x64) AppleWebKit/537.36 (KHTML, like Gecko) Chrome/149.0.0.0 Safari/537.36','{\"page\": \"2\", \"limit\": \"10\", \"date_range\": \"7d\"}',NULL,NULL,NULL,NULL,NULL,NULL,'2026-06-14 07:05:09'),(150,1,'admin','admin','read','activity-logs',NULL,'GET','/activity-logs?page=3&limit=10&date_range=7d','/activity-logs',NULL,200,31,'::1','Mozilla/5.0 (Windows NT 10.0; Win64; x64) AppleWebKit/537.36 (KHTML, like Gecko) Chrome/149.0.0.0 Safari/537.36','{\"page\": \"3\", \"limit\": \"10\", \"date_range\": \"7d\"}',NULL,NULL,NULL,NULL,NULL,NULL,'2026-06-14 07:05:11'),(151,1,'admin','admin','read','activity-logs',NULL,'GET','/activity-logs?page=4&limit=10&date_range=7d','/activity-logs',NULL,200,11,'::1','Mozilla/5.0 (Windows NT 10.0; Win64; x64) AppleWebKit/537.36 (KHTML, like Gecko) Chrome/149.0.0.0 Safari/537.36','{\"page\": \"4\", \"limit\": \"10\", \"date_range\": \"7d\"}',NULL,NULL,NULL,NULL,NULL,NULL,'2026-06-14 07:05:13'),(152,1,'admin','admin','read','backups',NULL,'GET','/backups?page=1&limit=10','/backups',NULL,200,471,'::1','Mozilla/5.0 (Windows NT 10.0; Win64; x64) AppleWebKit/537.36 (KHTML, like Gecko) Chrome/149.0.0.0 Safari/537.36','{\"page\": \"1\", \"limit\": \"10\"}',NULL,NULL,NULL,NULL,NULL,NULL,'2026-06-14 07:08:06'),(153,1,'admin','admin','create','backups',NULL,'POST','/backups','/backups',NULL,500,217,'::1','Mozilla/5.0 (Windows NT 10.0; Win64; x64) AppleWebKit/537.36 (KHTML, like Gecko) Chrome/149.0.0.0 Safari/537.36',NULL,NULL,NULL,NULL,NULL,NULL,'{\"error\": \"spawn mysqldump ENOENT\"}','2026-06-14 07:08:19'),(154,1,'admin','admin','read','activity-logs',NULL,'GET','/activity-logs?page=1&limit=10&date_range=7d','/activity-logs',NULL,200,427,'::1','Mozilla/5.0 (Windows NT 10.0; Win64; x64) AppleWebKit/537.36 (KHTML, like Gecko) Chrome/149.0.0.0 Safari/537.36','{\"page\": \"1\", \"limit\": \"10\", \"date_range\": \"7d\"}',NULL,NULL,NULL,NULL,NULL,NULL,'2026-06-14 07:09:54'),(155,1,'admin','admin','read','activity-logs',NULL,'GET','/activity-logs?page=3&limit=10&date_range=7d','/activity-logs',NULL,200,18,'::1','Mozilla/5.0 (Windows NT 10.0; Win64; x64) AppleWebKit/537.36 (KHTML, like Gecko) Chrome/149.0.0.0 Safari/537.36','{\"page\": \"3\", \"limit\": \"10\", \"date_range\": \"7d\"}',NULL,NULL,NULL,NULL,NULL,NULL,'2026-06-14 07:09:57'),(156,1,'admin','admin','read','backups',NULL,'GET','/backups?page=1&limit=10','/backups',NULL,200,30,'::1','Mozilla/5.0 (Windows NT 10.0; Win64; x64) AppleWebKit/537.36 (KHTML, like Gecko) Chrome/149.0.0.0 Safari/537.36','{\"page\": \"1\", \"limit\": \"10\"}',NULL,NULL,NULL,NULL,NULL,NULL,'2026-06-14 07:10:01'),(157,1,'admin','admin','read','activity-logs',NULL,'GET','/activity-logs?page=1&limit=10&date_range=7d','/activity-logs',NULL,200,22,'::1','Mozilla/5.0 (Windows NT 10.0; Win64; x64) AppleWebKit/537.36 (KHTML, like Gecko) Chrome/149.0.0.0 Safari/537.36','{\"page\": \"1\", \"limit\": \"10\", \"date_range\": \"7d\"}',NULL,NULL,NULL,NULL,NULL,NULL,'2026-06-14 07:10:09'),(158,1,'admin','admin','read','notifications',NULL,'GET','/notifications/me','/notifications/me',NULL,200,77,'::1','Mozilla/5.0 (Windows NT 10.0; Win64; x64) AppleWebKit/537.36 (KHTML, like Gecko) Chrome/149.0.0.0 Safari/537.36',NULL,NULL,NULL,NULL,NULL,NULL,NULL,'2026-06-14 07:18:36'),(159,1,'admin','','read','timelogs',NULL,'GET','/timelogs','/timelogs',NULL,200,881,'::1','Mozilla/5.0 (Windows NT 10.0; Win64; x64) AppleWebKit/537.36 (KHTML, like Gecko) Chrome/149.0.0.0 Safari/537.36',NULL,NULL,NULL,NULL,NULL,NULL,NULL,'2026-06-14 07:18:36'),(160,1,'admin','','read','users',NULL,'GET','/users/1','/users/:id','1',200,867,'::1','Mozilla/5.0 (Windows NT 10.0; Win64; x64) AppleWebKit/537.36 (KHTML, like Gecko) Chrome/149.0.0.0 Safari/537.36',NULL,NULL,NULL,NULL,NULL,NULL,NULL,'2026-06-14 07:18:36'),(161,1,'admin','admin','read','activity-logs',NULL,'GET','/activity-logs?page=1&limit=10&date_range=7d','/activity-logs',NULL,200,950,'::1','Mozilla/5.0 (Windows NT 10.0; Win64; x64) AppleWebKit/537.36 (KHTML, like Gecko) Chrome/149.0.0.0 Safari/537.36','{\"page\": \"1\", \"limit\": \"10\", \"date_range\": \"7d\"}',NULL,NULL,NULL,NULL,NULL,NULL,'2026-06-14 07:18:37'),(162,1,'admin','','read','users',NULL,'GET','/users','/users',NULL,200,427,'::1','Mozilla/5.0 (Windows NT 10.0; Win64; x64) AppleWebKit/537.36 (KHTML, like Gecko) Chrome/149.0.0.0 Safari/537.36',NULL,NULL,NULL,NULL,NULL,NULL,NULL,'2026-06-14 07:20:16'),(163,1,'admin','admin','read','activity-logs',NULL,'GET','/activity-logs?page=1&limit=10&date_range=7d','/activity-logs',NULL,200,241,'::1','Mozilla/5.0 (Windows NT 10.0; Win64; x64) AppleWebKit/537.36 (KHTML, like Gecko) Chrome/149.0.0.0 Safari/537.36','{\"page\": \"1\", \"limit\": \"10\", \"date_range\": \"7d\"}',NULL,NULL,NULL,NULL,NULL,NULL,'2026-06-14 07:20:41'),(164,1,'admin','admin','read','backups',NULL,'GET','/backups?page=1&limit=10','/backups',NULL,200,39,'::1','Mozilla/5.0 (Windows NT 10.0; Win64; x64) AppleWebKit/537.36 (KHTML, like Gecko) Chrome/149.0.0.0 Safari/537.36','{\"page\": \"1\", \"limit\": \"10\"}',NULL,NULL,NULL,NULL,NULL,NULL,'2026-06-14 07:20:41'),(165,1,'admin','admin','read','activity-logs',NULL,'GET','/activity-logs?page=1&limit=10&date_range=7d','/activity-logs',NULL,200,34,'::1','Mozilla/5.0 (Windows NT 10.0; Win64; x64) AppleWebKit/537.36 (KHTML, like Gecko) Chrome/149.0.0.0 Safari/537.36','{\"page\": \"1\", \"limit\": \"10\", \"date_range\": \"7d\"}',NULL,NULL,NULL,NULL,NULL,NULL,'2026-06-14 07:20:42'),(166,1,'admin','admin','read','backups',NULL,'GET','/backups?page=1&limit=10','/backups',NULL,200,1,'::1','Mozilla/5.0 (Windows NT 10.0; Win64; x64) AppleWebKit/537.36 (KHTML, like Gecko) Chrome/149.0.0.0 Safari/537.36','{\"page\": \"1\", \"limit\": \"10\"}',NULL,NULL,NULL,NULL,NULL,NULL,'2026-06-14 07:20:44'),(167,1,'admin','admin','read','activity-logs',NULL,'GET','/activity-logs?page=1&limit=10&date_range=7d','/activity-logs',NULL,200,17,'::1','Mozilla/5.0 (Windows NT 10.0; Win64; x64) AppleWebKit/537.36 (KHTML, like Gecko) Chrome/149.0.0.0 Safari/537.36','{\"page\": \"1\", \"limit\": \"10\", \"date_range\": \"7d\"}',NULL,NULL,NULL,NULL,NULL,NULL,'2026-06-14 07:20:48'),(168,NULL,NULL,NULL,'login','auth',NULL,'POST','/auth/login','/auth/login',NULL,201,1376,'::1','Mozilla/5.0 (Windows NT 10.0; Win64; x64) AppleWebKit/537.36 (KHTML, like Gecko) Chrome/149.0.0.0 Safari/537.36',NULL,'{\"password\": \"[REDACTED]\", \"identifier\": \"admin\"}',NULL,NULL,NULL,NULL,NULL,'2026-06-14 07:27:38'),(169,1,'admin','','read','users',NULL,'GET','/users/1','/users/:id','1',200,120,'::1','Mozilla/5.0 (Windows NT 10.0; Win64; x64) AppleWebKit/537.36 (KHTML, like Gecko) Chrome/149.0.0.0 Safari/537.36',NULL,NULL,NULL,NULL,NULL,NULL,NULL,'2026-06-14 07:27:41'),(170,1,'admin','admin','read','notifications',NULL,'GET','/notifications/me','/notifications/me',NULL,200,70,'::1','Mozilla/5.0 (Windows NT 10.0; Win64; x64) AppleWebKit/537.36 (KHTML, like Gecko) Chrome/149.0.0.0 Safari/537.36',NULL,NULL,NULL,NULL,NULL,NULL,NULL,'2026-06-14 07:27:41'),(171,1,'admin','','read','timelogs',NULL,'GET','/timelogs','/timelogs',NULL,200,240,'::1','Mozilla/5.0 (Windows NT 10.0; Win64; x64) AppleWebKit/537.36 (KHTML, like Gecko) Chrome/149.0.0.0 Safari/537.36',NULL,NULL,NULL,NULL,NULL,NULL,NULL,'2026-06-14 07:27:41'),(172,1,'admin','','read','users',NULL,'GET','/users','/users',NULL,200,266,'::1','Mozilla/5.0 (Windows NT 10.0; Win64; x64) AppleWebKit/537.36 (KHTML, like Gecko) Chrome/149.0.0.0 Safari/537.36',NULL,NULL,NULL,NULL,NULL,NULL,NULL,'2026-06-14 07:27:41'),(173,1,'admin','admin','read','activity-logs',NULL,'GET','/activity-logs?page=1&limit=10&date_range=7d','/activity-logs',NULL,200,93,'::1','Mozilla/5.0 (Windows NT 10.0; Win64; x64) AppleWebKit/537.36 (KHTML, like Gecko) Chrome/149.0.0.0 Safari/537.36','{\"page\": \"1\", \"limit\": \"10\", \"date_range\": \"7d\"}',NULL,NULL,NULL,NULL,NULL,NULL,'2026-06-14 07:27:44'),(174,NULL,NULL,NULL,'login','auth',NULL,'POST','/auth/login','/auth/login',NULL,201,454,'::1','Mozilla/5.0 (Windows NT 10.0; Win64; x64) AppleWebKit/537.36 (KHTML, like Gecko) Chrome/149.0.0.0 Safari/537.36',NULL,'{\"password\": \"[REDACTED]\", \"identifier\": \"wilson\"}',NULL,NULL,NULL,NULL,NULL,'2026-06-14 07:28:22'),(175,3,'wilson','','read','manager-notes',NULL,'GET','/manager-notes','/manager-notes',NULL,200,216,'::1','Mozilla/5.0 (Windows NT 10.0; Win64; x64) AppleWebKit/537.36 (KHTML, like Gecko) Chrome/149.0.0.0 Safari/537.36',NULL,NULL,NULL,NULL,NULL,NULL,NULL,'2026-06-14 07:28:26'),(176,3,'wilson','','read','users',NULL,'GET','/users/3','/users/:id','3',200,651,'::1','Mozilla/5.0 (Windows NT 10.0; Win64; x64) AppleWebKit/537.36 (KHTML, like Gecko) Chrome/149.0.0.0 Safari/537.36',NULL,NULL,NULL,NULL,NULL,NULL,NULL,'2026-06-14 07:28:26'),(177,3,'wilson','','read','task',NULL,'GET','/task','/task',NULL,200,738,'::1','Mozilla/5.0 (Windows NT 10.0; Win64; x64) AppleWebKit/537.36 (KHTML, like Gecko) Chrome/149.0.0.0 Safari/537.36',NULL,NULL,NULL,NULL,NULL,NULL,NULL,'2026-06-14 07:28:26'),(178,3,'wilson','manager','read','notifications',NULL,'GET','/notifications/me','/notifications/me',NULL,200,198,'::1','Mozilla/5.0 (Windows NT 10.0; Win64; x64) AppleWebKit/537.36 (KHTML, like Gecko) Chrome/149.0.0.0 Safari/537.36',NULL,NULL,NULL,NULL,NULL,NULL,NULL,'2026-06-14 07:28:26'),(179,3,'wilson','','read','timelogs',NULL,'GET','/timelogs','/timelogs',NULL,200,756,'::1','Mozilla/5.0 (Windows NT 10.0; Win64; x64) AppleWebKit/537.36 (KHTML, like Gecko) Chrome/149.0.0.0 Safari/537.36',NULL,NULL,NULL,NULL,NULL,NULL,NULL,'2026-06-14 07:28:26'),(180,3,'wilson','','read','task-todos',NULL,'GET','/task-todos','/task-todos',NULL,200,795,'::1','Mozilla/5.0 (Windows NT 10.0; Win64; x64) AppleWebKit/537.36 (KHTML, like Gecko) Chrome/149.0.0.0 Safari/537.36',NULL,NULL,NULL,NULL,NULL,NULL,NULL,'2026-06-14 07:28:27'),(181,3,'wilson','','read','users',NULL,'GET','/users','/users',NULL,200,1200,'::1','Mozilla/5.0 (Windows NT 10.0; Win64; x64) AppleWebKit/537.36 (KHTML, like Gecko) Chrome/149.0.0.0 Safari/537.36',NULL,NULL,NULL,NULL,NULL,NULL,NULL,'2026-06-14 07:28:27'),(182,3,'wilson','','read','sticky-notes',NULL,'GET','/sticky-notes','/sticky-notes',NULL,200,1400,'::1','Mozilla/5.0 (Windows NT 10.0; Win64; x64) AppleWebKit/537.36 (KHTML, like Gecko) Chrome/149.0.0.0 Safari/537.36',NULL,NULL,NULL,NULL,NULL,NULL,NULL,'2026-06-14 07:28:27'),(183,3,'wilson','','read','timelogs',NULL,'GET','/timelogs','/timelogs',NULL,200,131,'::1','Mozilla/5.0 (Windows NT 10.0; Win64; x64) AppleWebKit/537.36 (KHTML, like Gecko) Chrome/149.0.0.0 Safari/537.36',NULL,NULL,NULL,NULL,NULL,NULL,NULL,'2026-06-14 07:28:27'),(184,3,'wilson','','update','manager-notes',NULL,'PATCH','/manager-notes/7','/manager-notes/:id','7',200,132,'::1','Mozilla/5.0 (Windows NT 10.0; Win64; x64) AppleWebKit/537.36 (KHTML, like Gecko) Chrome/149.0.0.0 Safari/537.36',NULL,'{\"title\": \"eyw\", \"user_id\": 7, \"description\": \"\"}',NULL,'{\"body\": {\"title\": \"eyw\", \"user_id\": 7, \"description\": \"\"}, \"query\": {}, \"endpoint\": \"/manager-notes/7\", \"target_url\": \"/manager-notes/7\"}','[\"endpoint\", \"target_url\", \"query\", \"body\"]',NULL,NULL,'2026-06-14 07:28:34'),(185,1,'admin','admin','read','backups',NULL,'GET','/backups?page=1&limit=10','/backups',NULL,200,15,'::1','Mozilla/5.0 (Windows NT 10.0; Win64; x64) AppleWebKit/537.36 (KHTML, like Gecko) Chrome/149.0.0.0 Safari/537.36','{\"page\": \"1\", \"limit\": \"10\"}',NULL,NULL,NULL,NULL,NULL,NULL,'2026-06-14 07:28:40'),(186,1,'admin','admin','read','activity-logs',NULL,'GET','/activity-logs?page=1&limit=10&date_range=7d','/activity-logs',NULL,200,10,'::1','Mozilla/5.0 (Windows NT 10.0; Win64; x64) AppleWebKit/537.36 (KHTML, like Gecko) Chrome/149.0.0.0 Safari/537.36','{\"page\": \"1\", \"limit\": \"10\", \"date_range\": \"7d\"}',NULL,NULL,NULL,NULL,NULL,NULL,'2026-06-14 07:28:41'),(187,1,'admin','admin','read','activity-logs',NULL,'GET','/activity-logs?page=1&limit=10&date_range=7d','/activity-logs',NULL,200,275,'::1','Mozilla/5.0 (Windows NT 10.0; Win64; x64) AppleWebKit/537.36 (KHTML, like Gecko) Chrome/149.0.0.0 Safari/537.36','{\"page\": \"1\", \"limit\": \"10\", \"date_range\": \"7d\"}',NULL,NULL,NULL,NULL,NULL,NULL,'2026-06-14 07:42:33'),(188,1,'admin','admin','read','notifications',NULL,'GET','/notifications/me','/notifications/me',NULL,200,174,'::1','Mozilla/5.0 (Windows NT 10.0; Win64; x64) AppleWebKit/537.36 (KHTML, like Gecko) Chrome/149.0.0.0 Safari/537.36',NULL,NULL,NULL,NULL,NULL,NULL,NULL,'2026-06-14 07:42:33'),(189,1,'admin','','read','users',NULL,'GET','/users/1','/users/:id','1',200,391,'::1','Mozilla/5.0 (Windows NT 10.0; Win64; x64) AppleWebKit/537.36 (KHTML, like Gecko) Chrome/149.0.0.0 Safari/537.36',NULL,NULL,NULL,NULL,NULL,NULL,NULL,'2026-06-14 07:42:33'),(190,1,'admin','','read','timelogs',NULL,'GET','/timelogs','/timelogs',NULL,200,503,'::1','Mozilla/5.0 (Windows NT 10.0; Win64; x64) AppleWebKit/537.36 (KHTML, like Gecko) Chrome/149.0.0.0 Safari/537.36',NULL,NULL,NULL,NULL,NULL,NULL,NULL,'2026-06-14 07:42:33'),(191,NULL,NULL,NULL,'login','auth',NULL,'POST','/auth/login','/auth/login',NULL,201,509,'::1','Mozilla/5.0 (Windows NT 10.0; Win64; x64) AppleWebKit/537.36 (KHTML, like Gecko) Chrome/149.0.0.0 Safari/537.36',NULL,'{\"password\": \"[REDACTED]\", \"identifier\": \"wilson\"}',NULL,NULL,NULL,NULL,NULL,'2026-06-14 07:42:42'),(192,3,'wilson','','read','timelogs',NULL,'GET','/timelogs','/timelogs',NULL,200,832,'::1','Mozilla/5.0 (Windows NT 10.0; Win64; x64) AppleWebKit/537.36 (KHTML, like Gecko) Chrome/149.0.0.0 Safari/537.36',NULL,NULL,NULL,NULL,NULL,NULL,NULL,'2026-06-14 07:42:46'),(193,3,'wilson','','read','task',NULL,'GET','/task','/task',NULL,200,676,'::1','Mozilla/5.0 (Windows NT 10.0; Win64; x64) AppleWebKit/537.36 (KHTML, like Gecko) Chrome/149.0.0.0 Safari/537.36',NULL,NULL,NULL,NULL,NULL,NULL,NULL,'2026-06-14 07:42:47'),(194,3,'wilson','','read','users',NULL,'GET','/users/3','/users/:id','3',200,806,'::1','Mozilla/5.0 (Windows NT 10.0; Win64; x64) AppleWebKit/537.36 (KHTML, like Gecko) Chrome/149.0.0.0 Safari/537.36',NULL,NULL,NULL,NULL,NULL,NULL,NULL,'2026-06-14 07:42:47'),(195,3,'wilson','manager','read','notifications',NULL,'GET','/notifications/me','/notifications/me',NULL,200,252,'::1','Mozilla/5.0 (Windows NT 10.0; Win64; x64) AppleWebKit/537.36 (KHTML, like Gecko) Chrome/149.0.0.0 Safari/537.36',NULL,NULL,NULL,NULL,NULL,NULL,NULL,'2026-06-14 07:42:47'),(196,3,'wilson','','read','task-todos',NULL,'GET','/task-todos','/task-todos',NULL,200,757,'::1','Mozilla/5.0 (Windows NT 10.0; Win64; x64) AppleWebKit/537.36 (KHTML, like Gecko) Chrome/149.0.0.0 Safari/537.36',NULL,NULL,NULL,NULL,NULL,NULL,NULL,'2026-06-14 07:42:47'),(197,3,'wilson','','read','manager-notes',NULL,'GET','/manager-notes','/manager-notes',NULL,200,754,'::1','Mozilla/5.0 (Windows NT 10.0; Win64; x64) AppleWebKit/537.36 (KHTML, like Gecko) Chrome/149.0.0.0 Safari/537.36',NULL,NULL,NULL,NULL,NULL,NULL,NULL,'2026-06-14 07:42:47'),(198,3,'wilson','','read','sticky-notes',NULL,'GET','/sticky-notes','/sticky-notes',NULL,200,345,'::1','Mozilla/5.0 (Windows NT 10.0; Win64; x64) AppleWebKit/537.36 (KHTML, like Gecko) Chrome/149.0.0.0 Safari/537.36',NULL,NULL,NULL,NULL,NULL,NULL,NULL,'2026-06-14 07:42:47'),(199,3,'wilson','','read','users',NULL,'GET','/users','/users',NULL,200,626,'::1','Mozilla/5.0 (Windows NT 10.0; Win64; x64) AppleWebKit/537.36 (KHTML, like Gecko) Chrome/149.0.0.0 Safari/537.36',NULL,NULL,NULL,NULL,NULL,NULL,NULL,'2026-06-14 07:42:47'),(200,3,'wilson','','read','timelogs',NULL,'GET','/timelogs','/timelogs',NULL,200,270,'::1','Mozilla/5.0 (Windows NT 10.0; Win64; x64) AppleWebKit/537.36 (KHTML, like Gecko) Chrome/149.0.0.0 Safari/537.36',NULL,NULL,NULL,NULL,NULL,NULL,NULL,'2026-06-14 07:42:47'),(201,3,'wilson','','read','users',NULL,'GET','/users','/users',NULL,200,102,'::1','Mozilla/5.0 (Windows NT 10.0; Win64; x64) AppleWebKit/537.36 (KHTML, like Gecko) Chrome/149.0.0.0 Safari/537.36',NULL,NULL,NULL,NULL,NULL,NULL,NULL,'2026-06-14 07:42:49'),(202,3,'wilson','','read','task-todos',NULL,'GET','/task-todos','/task-todos',NULL,200,50,'::1','Mozilla/5.0 (Windows NT 10.0; Win64; x64) AppleWebKit/537.36 (KHTML, like Gecko) Chrome/149.0.0.0 Safari/537.36',NULL,NULL,NULL,NULL,NULL,NULL,NULL,'2026-06-14 07:42:49'),(203,3,'wilson','','read','task',NULL,'GET','/task','/task',NULL,200,75,'::1','Mozilla/5.0 (Windows NT 10.0; Win64; x64) AppleWebKit/537.36 (KHTML, like Gecko) Chrome/149.0.0.0 Safari/537.36',NULL,NULL,NULL,NULL,NULL,NULL,NULL,'2026-06-14 07:42:49'),(204,3,'wilson','','read','task-todos',NULL,'GET','/task-todos?month=6&year=2026','/task-todos',NULL,200,78,'::1','Mozilla/5.0 (Windows NT 10.0; Win64; x64) AppleWebKit/537.36 (KHTML, like Gecko) Chrome/149.0.0.0 Safari/537.36','{\"year\": \"2026\", \"month\": \"6\"}',NULL,NULL,NULL,NULL,NULL,NULL,'2026-06-14 07:42:49'),(205,3,'wilson','','read','timelogs',NULL,'GET','/timelogs?month=6&year=2026','/timelogs',NULL,200,110,'::1','Mozilla/5.0 (Windows NT 10.0; Win64; x64) AppleWebKit/537.36 (KHTML, like Gecko) Chrome/149.0.0.0 Safari/537.36','{\"year\": \"2026\", \"month\": \"6\"}',NULL,NULL,NULL,NULL,NULL,NULL,'2026-06-14 07:42:49'),(206,3,'wilson','','read','timelogs',NULL,'GET','/timelogs','/timelogs',NULL,200,103,'::1','Mozilla/5.0 (Windows NT 10.0; Win64; x64) AppleWebKit/537.36 (KHTML, like Gecko) Chrome/149.0.0.0 Safari/537.36',NULL,NULL,NULL,NULL,NULL,NULL,NULL,'2026-06-14 07:42:49'),(207,3,'wilson','','read','projects',NULL,'GET','/projects','/projects',NULL,200,28,'::1','Mozilla/5.0 (Windows NT 10.0; Win64; x64) AppleWebKit/537.36 (KHTML, like Gecko) Chrome/149.0.0.0 Safari/537.36',NULL,NULL,NULL,NULL,NULL,NULL,NULL,'2026-06-14 07:42:49'),(208,3,'wilson','','read','task',NULL,'GET','/task?month=6&year=2026','/task',NULL,200,217,'::1','Mozilla/5.0 (Windows NT 10.0; Win64; x64) AppleWebKit/537.36 (KHTML, like Gecko) Chrome/149.0.0.0 Safari/537.36','{\"year\": \"2026\", \"month\": \"6\"}',NULL,NULL,NULL,NULL,NULL,NULL,'2026-06-14 07:42:49'),(209,1,'admin','admin','read','backups',NULL,'GET','/backups?page=1&limit=10','/backups',NULL,200,8,'::1','Mozilla/5.0 (Windows NT 10.0; Win64; x64) AppleWebKit/537.36 (KHTML, like Gecko) Chrome/149.0.0.0 Safari/537.36','{\"page\": \"1\", \"limit\": \"10\"}',NULL,NULL,NULL,NULL,NULL,NULL,'2026-06-14 07:42:52'),(210,1,'admin','admin','read','activity-logs',NULL,'GET','/activity-logs?page=1&limit=10&date_range=7d','/activity-logs',NULL,200,13,'::1','Mozilla/5.0 (Windows NT 10.0; Win64; x64) AppleWebKit/537.36 (KHTML, like Gecko) Chrome/149.0.0.0 Safari/537.36','{\"page\": \"1\", \"limit\": \"10\", \"date_range\": \"7d\"}',NULL,NULL,NULL,NULL,NULL,NULL,'2026-06-14 07:42:53'),(211,3,'wilson','','read','task-todos',NULL,'GET','/task-todos','/task-todos',NULL,200,80,'::1','Mozilla/5.0 (Windows NT 10.0; Win64; x64) AppleWebKit/537.36 (KHTML, like Gecko) Chrome/149.0.0.0 Safari/537.36',NULL,NULL,NULL,NULL,NULL,NULL,NULL,'2026-06-14 07:43:14'),(212,3,'wilson','','read','timelogs',NULL,'GET','/timelogs','/timelogs',NULL,200,116,'::1','Mozilla/5.0 (Windows NT 10.0; Win64; x64) AppleWebKit/537.36 (KHTML, like Gecko) Chrome/149.0.0.0 Safari/537.36',NULL,NULL,NULL,NULL,NULL,NULL,NULL,'2026-06-14 07:43:14'),(213,3,'wilson','','read','manager-notes',NULL,'GET','/manager-notes','/manager-notes',NULL,200,120,'::1','Mozilla/5.0 (Windows NT 10.0; Win64; x64) AppleWebKit/537.36 (KHTML, like Gecko) Chrome/149.0.0.0 Safari/537.36',NULL,NULL,NULL,NULL,NULL,NULL,NULL,'2026-06-14 07:43:14'),(214,3,'wilson','','read','task',NULL,'GET','/task','/task',NULL,200,201,'::1','Mozilla/5.0 (Windows NT 10.0; Win64; x64) AppleWebKit/537.36 (KHTML, like Gecko) Chrome/149.0.0.0 Safari/537.36',NULL,NULL,NULL,NULL,NULL,NULL,NULL,'2026-06-14 07:43:14'),(215,3,'wilson','','read','sticky-notes',NULL,'GET','/sticky-notes','/sticky-notes',NULL,200,188,'::1','Mozilla/5.0 (Windows NT 10.0; Win64; x64) AppleWebKit/537.36 (KHTML, like Gecko) Chrome/149.0.0.0 Safari/537.36',NULL,NULL,NULL,NULL,NULL,NULL,NULL,'2026-06-14 07:43:14'),(216,3,'wilson','','read','users',NULL,'GET','/users','/users',NULL,200,265,'::1','Mozilla/5.0 (Windows NT 10.0; Win64; x64) AppleWebKit/537.36 (KHTML, like Gecko) Chrome/149.0.0.0 Safari/537.36',NULL,NULL,NULL,NULL,NULL,NULL,NULL,'2026-06-14 07:43:14'),(217,3,'wilson','','update','manager-notes',NULL,'PATCH','/manager-notes/6','/manager-notes/:id','6',200,149,'::1','Mozilla/5.0 (Windows NT 10.0; Win64; x64) AppleWebKit/537.36 (KHTML, like Gecko) Chrome/149.0.0.0 Safari/537.36',NULL,'{\"title\": \"yesss\", \"user_id\": 7, \"description\": \"\"}',NULL,'{\"body\": {\"title\": \"yesss\", \"user_id\": 7, \"description\": \"\"}, \"query\": {}, \"endpoint\": \"/manager-notes/6\", \"target_url\": \"/manager-notes/6\"}','[\"endpoint\", \"target_url\", \"query\", \"body\"]',NULL,NULL,'2026-06-14 07:43:23'),(218,1,'admin','','read','timelogs',NULL,'GET','/timelogs','/timelogs',NULL,200,84,'::1','Mozilla/5.0 (Windows NT 10.0; Win64; x64) AppleWebKit/537.36 (KHTML, like Gecko) Chrome/149.0.0.0 Safari/537.36',NULL,NULL,NULL,NULL,NULL,NULL,NULL,'2026-06-14 07:43:29'),(219,1,'admin','','read','users',NULL,'GET','/users/1','/users/:id','1',200,86,'::1','Mozilla/5.0 (Windows NT 10.0; Win64; x64) AppleWebKit/537.36 (KHTML, like Gecko) Chrome/149.0.0.0 Safari/537.36',NULL,NULL,NULL,NULL,NULL,NULL,NULL,'2026-06-14 07:43:29'),(220,1,'admin','admin','read','notifications',NULL,'GET','/notifications/me','/notifications/me',NULL,200,22,'::1','Mozilla/5.0 (Windows NT 10.0; Win64; x64) AppleWebKit/537.36 (KHTML, like Gecko) Chrome/149.0.0.0 Safari/537.36',NULL,NULL,NULL,NULL,NULL,NULL,NULL,'2026-06-14 07:43:29'),(221,1,'admin','admin','read','activity-logs',NULL,'GET','/activity-logs?page=1&limit=10&date_range=7d','/activity-logs',NULL,200,34,'::1','Mozilla/5.0 (Windows NT 10.0; Win64; x64) AppleWebKit/537.36 (KHTML, like Gecko) Chrome/149.0.0.0 Safari/537.36','{\"page\": \"1\", \"limit\": \"10\", \"date_range\": \"7d\"}',NULL,NULL,NULL,NULL,NULL,NULL,'2026-06-14 07:43:29'),(222,NULL,NULL,NULL,'login','auth',NULL,'POST','/auth/login','/auth/login',NULL,201,426,'::1','Mozilla/5.0 (Windows NT 10.0; Win64; x64) AppleWebKit/537.36 (KHTML, like Gecko) Chrome/149.0.0.0 Safari/537.36',NULL,'{\"password\": \"[REDACTED]\", \"identifier\": \"admin\"}',NULL,NULL,NULL,NULL,NULL,'2026-06-14 07:43:43'),(223,1,'admin','','read','timelogs',NULL,'GET','/timelogs','/timelogs',NULL,200,39,'::1','Mozilla/5.0 (Windows NT 10.0; Win64; x64) AppleWebKit/537.36 (KHTML, like Gecko) Chrome/149.0.0.0 Safari/537.36',NULL,NULL,NULL,NULL,NULL,NULL,NULL,'2026-06-14 07:43:47'),(224,1,'admin','admin','read','notifications',NULL,'GET','/notifications/me','/notifications/me',NULL,200,37,'::1','Mozilla/5.0 (Windows NT 10.0; Win64; x64) AppleWebKit/537.36 (KHTML, like Gecko) Chrome/149.0.0.0 Safari/537.36',NULL,NULL,NULL,NULL,NULL,NULL,NULL,'2026-06-14 07:43:47'),(225,1,'admin','','read','users',NULL,'GET','/users','/users',NULL,200,55,'::1','Mozilla/5.0 (Windows NT 10.0; Win64; x64) AppleWebKit/537.36 (KHTML, like Gecko) Chrome/149.0.0.0 Safari/537.36',NULL,NULL,NULL,NULL,NULL,NULL,NULL,'2026-06-14 07:43:47'),(226,1,'admin','','read','users',NULL,'GET','/users/1','/users/:id','1',200,65,'::1','Mozilla/5.0 (Windows NT 10.0; Win64; x64) AppleWebKit/537.36 (KHTML, like Gecko) Chrome/149.0.0.0 Safari/537.36',NULL,NULL,NULL,NULL,NULL,NULL,NULL,'2026-06-14 07:43:47'),(227,1,'admin','admin','read','activity-logs',NULL,'GET','/activity-logs?page=1&limit=10&date_range=7d','/activity-logs',NULL,200,6,'::1','Mozilla/5.0 (Windows NT 10.0; Win64; x64) AppleWebKit/537.36 (KHTML, like Gecko) Chrome/149.0.0.0 Safari/537.36','{\"page\": \"1\", \"limit\": \"10\", \"date_range\": \"7d\"}',NULL,NULL,NULL,NULL,NULL,NULL,'2026-06-14 07:43:51'),(228,1,'admin','admin','create','backups',NULL,'POST','/backups','/backups',NULL,500,304,'::1','Mozilla/5.0 (Windows NT 10.0; Win64; x64) AppleWebKit/537.36 (KHTML, like Gecko) Chrome/149.0.0.0 Safari/537.36',NULL,NULL,NULL,'{\"body\": null, \"query\": {}, \"endpoint\": \"/backups\", \"target_url\": \"/backups\"}','[\"endpoint\", \"target_url\", \"query\", \"body\"]',NULL,'{\"error\": \"Database backup tool is not available on this server. Please install MySQL client tools or configure MYSQLDUMP_PATH with the absolute path to mysqldump.\"}','2026-06-14 07:48:40'),(229,1,'admin','admin','read','backups',NULL,'GET','/backups?page=1&limit=10','/backups',NULL,200,392,'::1','Mozilla/5.0 (Windows NT 10.0; Win64; x64) AppleWebKit/537.36 (KHTML, like Gecko) Chrome/149.0.0.0 Safari/537.36','{\"page\": \"1\", \"limit\": \"10\"}',NULL,NULL,NULL,NULL,NULL,NULL,'2026-06-14 07:48:40'),(230,1,'admin','admin','create','backups',NULL,'POST','/backups','/backups',NULL,500,30,'::1','Mozilla/5.0 (Windows NT 10.0; Win64; x64) AppleWebKit/537.36 (KHTML, like Gecko) Chrome/149.0.0.0 Safari/537.36',NULL,NULL,NULL,'{\"body\": null, \"query\": {}, \"endpoint\": \"/backups\", \"target_url\": \"/backups\"}','[\"endpoint\", \"target_url\", \"query\", \"body\"]',NULL,'{\"error\": \"Database backup tool is not available on this server. Please install MySQL client tools or configure MYSQLDUMP_PATH with the absolute path to mysqldump.\"}','2026-06-14 07:48:51'),(231,1,'admin','admin','read','notifications',NULL,'GET','/notifications/me','/notifications/me',NULL,200,92,'::1','Mozilla/5.0 (Windows NT 10.0; Win64; x64) AppleWebKit/537.36 (KHTML, like Gecko) Chrome/149.0.0.0 Safari/537.36',NULL,NULL,NULL,NULL,NULL,NULL,NULL,'2026-06-14 07:48:57'),(232,1,'admin','','read','users',NULL,'GET','/users/1','/users/:id','1',200,144,'::1','Mozilla/5.0 (Windows NT 10.0; Win64; x64) AppleWebKit/537.36 (KHTML, like Gecko) Chrome/149.0.0.0 Safari/537.36',NULL,NULL,NULL,NULL,NULL,NULL,NULL,'2026-06-14 07:48:57'),(233,1,'admin','admin','read','backups',NULL,'GET','/backups?page=1&limit=10','/backups',NULL,200,8,'::1','Mozilla/5.0 (Windows NT 10.0; Win64; x64) AppleWebKit/537.36 (KHTML, like Gecko) Chrome/149.0.0.0 Safari/537.36','{\"page\": \"1\", \"limit\": \"10\"}',NULL,NULL,NULL,NULL,NULL,NULL,'2026-06-14 07:48:57'),(234,1,'admin','','read','timelogs',NULL,'GET','/timelogs','/timelogs',NULL,200,298,'::1','Mozilla/5.0 (Windows NT 10.0; Win64; x64) AppleWebKit/537.36 (KHTML, like Gecko) Chrome/149.0.0.0 Safari/537.36',NULL,NULL,NULL,NULL,NULL,NULL,NULL,'2026-06-14 07:48:57'),(235,1,'admin','admin','create','backups',NULL,'POST','/backups','/backups',NULL,500,13,'::1','Mozilla/5.0 (Windows NT 10.0; Win64; x64) AppleWebKit/537.36 (KHTML, like Gecko) Chrome/149.0.0.0 Safari/537.36',NULL,NULL,NULL,'{\"body\": null, \"query\": {}, \"endpoint\": \"/backups\", \"target_url\": \"/backups\"}','[\"endpoint\", \"target_url\", \"query\", \"body\"]',NULL,'{\"error\": \"Database backup tool is not available on this server. Please install MySQL client tools or configure MYSQLDUMP_PATH with the absolute path to mysqldump.\"}','2026-06-14 07:49:06'),(236,1,'admin','admin','read','activity-logs',NULL,'GET','/activity-logs?page=1&limit=10&date_range=7d','/activity-logs',NULL,200,290,'::1','Mozilla/5.0 (Windows NT 10.0; Win64; x64) AppleWebKit/537.36 (KHTML, like Gecko) Chrome/149.0.0.0 Safari/537.36','{\"page\": \"1\", \"limit\": \"10\", \"date_range\": \"7d\"}',NULL,NULL,NULL,NULL,NULL,NULL,'2026-06-14 07:49:15'),(237,3,'wilson','','read','timelogs',NULL,'GET','/timelogs','/timelogs',NULL,200,697,'::1','Mozilla/5.0 (Windows NT 10.0; Win64; x64) AppleWebKit/537.36 (KHTML, like Gecko) Chrome/149.0.0.0 Safari/537.36',NULL,NULL,NULL,NULL,NULL,NULL,NULL,'2026-06-14 08:00:54'),(238,3,'wilson','','read','users',NULL,'GET','/users/3','/users/:id','3',200,1125,'::1','Mozilla/5.0 (Windows NT 10.0; Win64; x64) AppleWebKit/537.36 (KHTML, like Gecko) Chrome/149.0.0.0 Safari/537.36',NULL,NULL,NULL,NULL,NULL,NULL,NULL,'2026-06-14 08:00:55'),(239,3,'wilson','manager','read','notifications',NULL,'GET','/notifications/me','/notifications/me',NULL,200,294,'::1','Mozilla/5.0 (Windows NT 10.0; Win64; x64) AppleWebKit/537.36 (KHTML, like Gecko) Chrome/149.0.0.0 Safari/537.36',NULL,NULL,NULL,NULL,NULL,NULL,NULL,'2026-06-14 08:00:55'),(240,3,'wilson','','read','manager-notes',NULL,'GET','/manager-notes','/manager-notes',NULL,200,55,'::1','Mozilla/5.0 (Windows NT 10.0; Win64; x64) AppleWebKit/537.36 (KHTML, like Gecko) Chrome/149.0.0.0 Safari/537.36',NULL,NULL,NULL,NULL,NULL,NULL,NULL,'2026-06-14 08:00:55'),(241,3,'wilson','','read','users',NULL,'GET','/users','/users',NULL,200,277,'::1','Mozilla/5.0 (Windows NT 10.0; Win64; x64) AppleWebKit/537.36 (KHTML, like Gecko) Chrome/149.0.0.0 Safari/537.36',NULL,NULL,NULL,NULL,NULL,NULL,NULL,'2026-06-14 08:00:56'),(242,3,'wilson','','read','timelogs',NULL,'GET','/timelogs','/timelogs',NULL,200,618,'::1','Mozilla/5.0 (Windows NT 10.0; Win64; x64) AppleWebKit/537.36 (KHTML, like Gecko) Chrome/149.0.0.0 Safari/537.36',NULL,NULL,NULL,NULL,NULL,NULL,NULL,'2026-06-14 08:00:56'),(243,3,'wilson','','read','task',NULL,'GET','/task','/task',NULL,200,553,'::1','Mozilla/5.0 (Windows NT 10.0; Win64; x64) AppleWebKit/537.36 (KHTML, like Gecko) Chrome/149.0.0.0 Safari/537.36',NULL,NULL,NULL,NULL,NULL,NULL,NULL,'2026-06-14 08:00:56'),(244,3,'wilson','','read','task-todos',NULL,'GET','/task-todos','/task-todos',NULL,200,566,'::1','Mozilla/5.0 (Windows NT 10.0; Win64; x64) AppleWebKit/537.36 (KHTML, like Gecko) Chrome/149.0.0.0 Safari/537.36',NULL,NULL,NULL,NULL,NULL,NULL,NULL,'2026-06-14 08:00:56'),(245,3,'wilson','','read','sticky-notes',NULL,'GET','/sticky-notes','/sticky-notes',NULL,200,257,'::1','Mozilla/5.0 (Windows NT 10.0; Win64; x64) AppleWebKit/537.36 (KHTML, like Gecko) Chrome/149.0.0.0 Safari/537.36',NULL,NULL,NULL,NULL,NULL,NULL,NULL,'2026-06-14 08:00:56'),(246,1,'admin','','read','users',NULL,'GET','/users/1','/users/:id','1',200,352,'::1','Mozilla/5.0 (Windows NT 10.0; Win64; x64) AppleWebKit/537.36 (KHTML, like Gecko) Chrome/149.0.0.0 Safari/537.36',NULL,NULL,NULL,NULL,NULL,NULL,NULL,'2026-06-14 08:01:53'),(247,1,'admin','admin','read','notifications',NULL,'GET','/notifications/me','/notifications/me',NULL,200,283,'::1','Mozilla/5.0 (Windows NT 10.0; Win64; x64) AppleWebKit/537.36 (KHTML, like Gecko) Chrome/149.0.0.0 Safari/537.36',NULL,NULL,NULL,NULL,NULL,NULL,NULL,'2026-06-14 08:01:53'),(248,1,'admin','','read','timelogs',NULL,'GET','/timelogs','/timelogs',NULL,200,494,'::1','Mozilla/5.0 (Windows NT 10.0; Win64; x64) AppleWebKit/537.36 (KHTML, like Gecko) Chrome/149.0.0.0 Safari/537.36',NULL,NULL,NULL,NULL,NULL,NULL,NULL,'2026-06-14 08:01:53'),(249,1,'admin','admin','read','audit-logs',NULL,'GET','/audit-logs?page=1&limit=10&date_range=7d','/audit-logs',NULL,200,447,'::1','Mozilla/5.0 (Windows NT 10.0; Win64; x64) AppleWebKit/537.36 (KHTML, like Gecko) Chrome/149.0.0.0 Safari/537.36','{\"page\": \"1\", \"limit\": \"10\", \"date_range\": \"7d\"}',NULL,NULL,NULL,NULL,NULL,NULL,'2026-06-14 08:01:53'),(250,3,'wilson','','read','manager-notes',NULL,'GET','/manager-notes','/manager-notes',NULL,200,325,'::1','Mozilla/5.0 (Windows NT 10.0; Win64; x64) AppleWebKit/537.36 (KHTML, like Gecko) Chrome/149.0.0.0 Safari/537.36',NULL,NULL,NULL,NULL,NULL,NULL,NULL,'2026-06-14 08:03:36'),(251,3,'wilson','','read','timelogs',NULL,'GET','/timelogs','/timelogs',NULL,200,942,'::1','Mozilla/5.0 (Windows NT 10.0; Win64; x64) AppleWebKit/537.36 (KHTML, like Gecko) Chrome/149.0.0.0 Safari/537.36',NULL,NULL,NULL,NULL,NULL,NULL,NULL,'2026-06-14 08:03:36'),(252,3,'wilson','','read','task-todos',NULL,'GET','/task-todos','/task-todos',NULL,200,755,'::1','Mozilla/5.0 (Windows NT 10.0; Win64; x64) AppleWebKit/537.36 (KHTML, like Gecko) Chrome/149.0.0.0 Safari/537.36',NULL,NULL,NULL,NULL,NULL,NULL,NULL,'2026-06-14 08:03:36'),(253,3,'wilson','manager','read','notifications',NULL,'GET','/notifications/me','/notifications/me',NULL,200,857,'::1','Mozilla/5.0 (Windows NT 10.0; Win64; x64) AppleWebKit/537.36 (KHTML, like Gecko) Chrome/149.0.0.0 Safari/537.36',NULL,NULL,NULL,NULL,NULL,NULL,NULL,'2026-06-14 08:03:36'),(254,3,'wilson','','read','users',NULL,'GET','/users/3','/users/:id','3',200,2088,'::1','Mozilla/5.0 (Windows NT 10.0; Win64; x64) AppleWebKit/537.36 (KHTML, like Gecko) Chrome/149.0.0.0 Safari/537.36',NULL,NULL,NULL,NULL,NULL,NULL,NULL,'2026-06-14 08:03:36'),(255,3,'wilson','','read','task',NULL,'GET','/task','/task',NULL,200,756,'::1','Mozilla/5.0 (Windows NT 10.0; Win64; x64) AppleWebKit/537.36 (KHTML, like Gecko) Chrome/149.0.0.0 Safari/537.36',NULL,NULL,NULL,NULL,NULL,NULL,NULL,'2026-06-14 08:03:37'),(256,3,'wilson','','read','sticky-notes',NULL,'GET','/sticky-notes','/sticky-notes',NULL,200,20,'::1','Mozilla/5.0 (Windows NT 10.0; Win64; x64) AppleWebKit/537.36 (KHTML, like Gecko) Chrome/149.0.0.0 Safari/537.36',NULL,NULL,NULL,NULL,NULL,NULL,NULL,'2026-06-14 08:03:37'),(257,3,'wilson','','read','users',NULL,'GET','/users','/users',NULL,200,287,'::1','Mozilla/5.0 (Windows NT 10.0; Win64; x64) AppleWebKit/537.36 (KHTML, like Gecko) Chrome/149.0.0.0 Safari/537.36',NULL,NULL,NULL,NULL,NULL,NULL,NULL,'2026-06-14 08:03:37'),(258,3,'wilson','','read','timelogs',NULL,'GET','/timelogs','/timelogs',NULL,200,156,'::1','Mozilla/5.0 (Windows NT 10.0; Win64; x64) AppleWebKit/537.36 (KHTML, like Gecko) Chrome/149.0.0.0 Safari/537.36',NULL,NULL,NULL,NULL,NULL,NULL,NULL,'2026-06-14 08:03:37'),(259,1,'admin','','read','timelogs',NULL,'GET','/timelogs','/timelogs',NULL,200,24,'::1','Mozilla/5.0 (Windows NT 10.0; Win64; x64) AppleWebKit/537.36 (KHTML, like Gecko) Chrome/149.0.0.0 Safari/537.36',NULL,NULL,NULL,NULL,NULL,NULL,NULL,'2026-06-14 08:03:51'),(260,1,'admin','','read','users',NULL,'GET','/users/1','/users/:id','1',200,22,'::1','Mozilla/5.0 (Windows NT 10.0; Win64; x64) AppleWebKit/537.36 (KHTML, like Gecko) Chrome/149.0.0.0 Safari/537.36',NULL,NULL,NULL,NULL,NULL,NULL,NULL,'2026-06-14 08:03:52'),(261,1,'admin','admin','read','notifications',NULL,'GET','/notifications/me','/notifications/me',NULL,200,14,'::1','Mozilla/5.0 (Windows NT 10.0; Win64; x64) AppleWebKit/537.36 (KHTML, like Gecko) Chrome/149.0.0.0 Safari/537.36',NULL,NULL,NULL,NULL,NULL,NULL,NULL,'2026-06-14 08:03:52'),(262,1,'admin','admin','read','audit-logs',NULL,'GET','/audit-logs?page=1&limit=10&date_range=7d','/audit-logs',NULL,200,62,'::1','Mozilla/5.0 (Windows NT 10.0; Win64; x64) AppleWebKit/537.36 (KHTML, like Gecko) Chrome/149.0.0.0 Safari/537.36','{\"page\": \"1\", \"limit\": \"10\", \"date_range\": \"7d\"}',NULL,NULL,NULL,NULL,NULL,NULL,'2026-06-14 08:03:52'),(263,3,'wilson','','delete','manager-notes',NULL,'DELETE','/manager-notes/7','/manager-notes/:id','7',200,1396,'::1','Mozilla/5.0 (Windows NT 10.0; Win64; x64) AppleWebKit/537.36 (KHTML, like Gecko) Chrome/149.0.0.0 Safari/537.36',NULL,NULL,NULL,NULL,NULL,NULL,NULL,'2026-06-14 08:15:01');
/*!40000 ALTER TABLE `audit_logs` ENABLE KEYS */;
UNLOCK TABLES;

--
-- Table structure for table `manager_notes`
--

DROP TABLE IF EXISTS `manager_notes`;
/*!40101 SET @saved_cs_client     = @@character_set_client */;
/*!50503 SET character_set_client = utf8mb4 */;
CREATE TABLE `manager_notes` (
  `id` int unsigned NOT NULL AUTO_INCREMENT,
  `user_id` int unsigned NOT NULL,
  `title` varchar(150) NOT NULL,
  `description` text,
  PRIMARY KEY (`id`),
  KEY `FK_207546ad277c2a7046404dee110` (`user_id`),
  CONSTRAINT `FK_207546ad277c2a7046404dee110` FOREIGN KEY (`user_id`) REFERENCES `users` (`id`) ON DELETE CASCADE
) ENGINE=InnoDB AUTO_INCREMENT=8 DEFAULT CHARSET=utf8mb4 COLLATE=utf8mb4_0900_ai_ci;
/*!40101 SET character_set_client = @saved_cs_client */;

--
-- Dumping data for table `manager_notes`
--

LOCK TABLES `manager_notes` WRITE;
/*!40000 ALTER TABLE `manager_notes` DISABLE KEYS */;
INSERT INTO `manager_notes` VALUES (5,7,'testt',NULL),(6,7,'yesss','');
/*!40000 ALTER TABLE `manager_notes` ENABLE KEYS */;
UNLOCK TABLES;

--
-- Table structure for table `notifications`
--

DROP TABLE IF EXISTS `notifications`;
/*!40101 SET @saved_cs_client     = @@character_set_client */;
/*!50503 SET character_set_client = utf8mb4 */;
CREATE TABLE `notifications` (
  `id` int unsigned NOT NULL AUTO_INCREMENT,
  `task_id` int unsigned DEFAULT NULL,
  `user_id` int unsigned NOT NULL,
  `title` varchar(150) NOT NULL,
  `message` text NOT NULL,
  `is_read` tinyint(1) NOT NULL DEFAULT '0',
  `created_at` timestamp NOT NULL DEFAULT CURRENT_TIMESTAMP,
  `updated_at` timestamp NOT NULL DEFAULT CURRENT_TIMESTAMP ON UPDATE CURRENT_TIMESTAMP,
  `task_todo_id` int unsigned DEFAULT NULL,
  `manager_note_id` int unsigned DEFAULT NULL,
  `type` varchar(50) NOT NULL DEFAULT 'task_status_updated',
  PRIMARY KEY (`id`),
  KEY `IDX_NOTIFICATIONS_TASK_ID` (`task_id`),
  KEY `IDX_NOTIFICATIONS_USER_ID` (`user_id`),
  KEY `IDX_NOTIFICATIONS_IS_READ` (`is_read`),
  KEY `IDX_NOTIFICATIONS_TASK_TODO_ID` (`task_todo_id`),
  KEY `IDX_NOTIFICATIONS_MANAGER_NOTE_ID` (`manager_note_id`),
  KEY `IDX_NOTIFICATIONS_TYPE` (`type`),
  CONSTRAINT `FK_8b3f1750da5597e5fea3a07e18d` FOREIGN KEY (`task_todo_id`) REFERENCES `task_todos` (`id`) ON DELETE CASCADE,
  CONSTRAINT `FK_9a8a82462cab47c73d25f49261f` FOREIGN KEY (`user_id`) REFERENCES `users` (`id`) ON DELETE CASCADE,
  CONSTRAINT `FK_b4a7cd30c9f4ca1b23ef0eb6dd8` FOREIGN KEY (`task_id`) REFERENCES `task` (`id`) ON DELETE CASCADE,
  CONSTRAINT `FK_b88b3391b31fb3b231d8016c3a2` FOREIGN KEY (`manager_note_id`) REFERENCES `manager_notes` (`id`) ON DELETE CASCADE
) ENGINE=InnoDB AUTO_INCREMENT=171 DEFAULT CHARSET=utf8mb4 COLLATE=utf8mb4_0900_ai_ci;
/*!40101 SET character_set_client = @saved_cs_client */;

--
-- Dumping data for table `notifications`
--

LOCK TABLES `notifications` WRITE;
/*!40000 ALTER TABLE `notifications` DISABLE KEYS */;
INSERT INTO `notifications` VALUES (19,17,3,'New Task','Task \"Initial Project\" created with status completed.',0,'2026-05-15 07:23:08','2026-05-15 07:23:08',NULL,NULL,'task_status_updated'),(20,17,5,'New Task','Task \"Initial Project\" created with status completed.',0,'2026-05-15 07:23:09','2026-05-15 07:23:09',NULL,NULL,'task_status_updated'),(21,17,11,'New Task','Task \"Initial Project\" created with status completed.',0,'2026-05-15 07:23:09','2026-05-15 07:23:09',NULL,NULL,'task_status_updated'),(22,17,3,'Task Status Updated','Task \"Initial Project\" status changed from completed to on_hold.',0,'2026-05-15 08:41:41','2026-05-15 08:41:41',NULL,NULL,'task_status_updated'),(23,17,5,'Task Status Updated','Task \"Initial Project\" status changed from completed to on_hold.',0,'2026-05-15 08:41:41','2026-05-15 08:41:41',NULL,NULL,'task_status_updated'),(24,17,7,'Task Status Updated','Task \"Initial Project\" status changed from completed to on_hold.',0,'2026-05-15 08:41:41','2026-05-15 08:41:41',NULL,NULL,'task_status_updated'),(25,17,11,'Task Status Updated','Task \"Initial Project\" status changed from completed to on_hold.',0,'2026-05-15 08:41:41','2026-05-15 08:41:41',NULL,NULL,'task_status_updated'),(26,17,3,'Task Status Updated','Task \"Initial Project\" status changed from on_hold to completed.',0,'2026-05-15 08:41:48','2026-05-15 08:41:48',NULL,NULL,'task_status_updated'),(27,17,5,'Task Status Updated','Task \"Initial Project\" status changed from on_hold to completed.',0,'2026-05-15 08:41:48','2026-05-15 08:41:48',NULL,NULL,'task_status_updated'),(28,17,7,'Task Status Updated','Task \"Initial Project\" status changed from on_hold to completed.',0,'2026-05-15 08:41:48','2026-05-15 08:41:48',NULL,NULL,'task_status_updated'),(29,17,11,'Task Status Updated','Task \"Initial Project\" status changed from on_hold to completed.',0,'2026-05-15 08:41:48','2026-05-15 08:41:48',NULL,NULL,'task_status_updated'),(30,17,3,'Task Status Updated','Task \"Initial Project\" status changed from completed to on_hold.',0,'2026-05-15 08:43:04','2026-05-15 08:43:04',NULL,NULL,'task_status_updated'),(31,17,5,'Task Status Updated','Task \"Initial Project\" status changed from completed to on_hold.',0,'2026-05-15 08:43:04','2026-05-15 08:43:04',NULL,NULL,'task_status_updated'),(32,17,7,'Task Status Updated','Task \"Initial Project\" status changed from completed to on_hold.',0,'2026-05-15 08:43:04','2026-05-15 08:43:04',NULL,NULL,'task_status_updated'),(33,17,11,'Task Status Updated','Task \"Initial Project\" status changed from completed to on_hold.',0,'2026-05-15 08:43:04','2026-05-15 08:43:04',NULL,NULL,'task_status_updated'),(34,17,3,'Task Status Updated','Task \"Initial Project\" status changed from on_hold to completed.',0,'2026-05-15 08:43:14','2026-05-15 08:43:14',NULL,NULL,'task_status_updated'),(35,17,5,'Task Status Updated','Task \"Initial Project\" status changed from on_hold to completed.',0,'2026-05-15 08:43:14','2026-05-15 08:43:14',NULL,NULL,'task_status_updated'),(36,17,7,'Task Status Updated','Task \"Initial Project\" status changed from on_hold to completed.',0,'2026-05-15 08:43:14','2026-05-15 08:43:14',NULL,NULL,'task_status_updated'),(37,17,11,'Task Status Updated','Task \"Initial Project\" status changed from on_hold to completed.',0,'2026-05-15 08:43:14','2026-05-15 08:43:14',NULL,NULL,'task_status_updated'),(38,18,3,'New Task','Task \"Design Low Fidelity\" created with status completed.',0,'2026-05-15 09:03:29','2026-05-15 09:03:29',NULL,NULL,'task_status_updated'),(39,18,5,'New Task','Task \"Design Low Fidelity\" created with status completed.',0,'2026-05-15 09:03:29','2026-05-15 09:03:29',NULL,NULL,'task_status_updated'),(40,18,9,'New Task','Task \"Design Low Fidelity\" created with status completed.',0,'2026-05-15 09:03:29','2026-05-15 09:03:29',NULL,NULL,'task_status_updated'),(41,18,12,'New Task','Task \"Design Low Fidelity\" created with status completed.',0,'2026-05-15 09:03:29','2026-05-15 09:03:29',NULL,NULL,'task_status_updated'),(42,19,3,'New Task','Task \"Research Design\" created with status completed.',0,'2026-05-15 09:04:13','2026-05-15 09:04:13',NULL,NULL,'task_status_updated'),(43,19,5,'New Task','Task \"Research Design\" created with status completed.',0,'2026-05-15 09:04:13','2026-05-15 09:04:13',NULL,NULL,'task_status_updated'),(44,19,9,'New Task','Task \"Research Design\" created with status completed.',0,'2026-05-15 09:04:13','2026-05-15 09:04:13',NULL,NULL,'task_status_updated'),(45,19,12,'New Task','Task \"Research Design\" created with status completed.',0,'2026-05-15 09:04:13','2026-05-15 09:04:13',NULL,NULL,'task_status_updated'),(46,20,3,'New Task','Task \"Setup DB\" created with status completed.',0,'2026-05-15 09:04:58','2026-05-15 09:04:58',NULL,NULL,'task_status_updated'),(47,20,11,'New Task','Task \"Setup DB\" created with status completed.',0,'2026-05-15 09:04:58','2026-05-15 09:04:58',NULL,NULL,'task_status_updated'),(48,19,3,'Task Status Updated','Task \"Research Design\" status changed from completed to on_hold.',0,'2026-05-16 01:11:34','2026-05-16 01:11:34',NULL,NULL,'task_status_updated'),(49,19,5,'Task Status Updated','Task \"Research Design\" status changed from completed to on_hold.',0,'2026-05-16 01:11:34','2026-05-16 01:11:34',NULL,NULL,'task_status_updated'),(50,19,9,'Task Status Updated','Task \"Research Design\" status changed from completed to on_hold.',0,'2026-05-16 01:11:34','2026-05-16 01:11:34',NULL,NULL,'task_status_updated'),(51,19,12,'Task Status Updated','Task \"Research Design\" status changed from completed to on_hold.',0,'2026-05-16 01:11:34','2026-05-16 01:11:34',NULL,NULL,'task_status_updated'),(52,20,3,'Task Status Updated','Task \"Setup DB\" status changed from completed to progress.',0,'2026-05-16 01:11:38','2026-05-16 01:11:38',NULL,NULL,'task_status_updated'),(53,20,11,'Task Status Updated','Task \"Setup DB\" status changed from completed to progress.',0,'2026-05-16 01:11:38','2026-05-16 01:11:38',NULL,NULL,'task_status_updated'),(54,20,3,'Task Status Updated','Task \"Setup DB\" status changed from progress to completed.',0,'2026-05-16 01:11:54','2026-05-16 01:11:54',NULL,NULL,'task_status_updated'),(55,20,11,'Task Status Updated','Task \"Setup DB\" status changed from progress to completed.',0,'2026-05-16 01:11:54','2026-05-16 01:11:54',NULL,NULL,'task_status_updated'),(56,19,3,'Task Status Updated','Task \"Research Design\" status changed from on_hold to completed.',0,'2026-05-16 01:11:58','2026-05-16 01:11:58',NULL,NULL,'task_status_updated'),(57,19,5,'Task Status Updated','Task \"Research Design\" status changed from on_hold to completed.',0,'2026-05-16 01:11:58','2026-05-16 01:11:58',NULL,NULL,'task_status_updated'),(58,19,9,'Task Status Updated','Task \"Research Design\" status changed from on_hold to completed.',0,'2026-05-16 01:11:58','2026-05-16 01:11:58',NULL,NULL,'task_status_updated'),(59,19,12,'Task Status Updated','Task \"Research Design\" status changed from on_hold to completed.',0,'2026-05-16 01:11:58','2026-05-16 01:11:58',NULL,NULL,'task_status_updated'),(60,17,3,'Task Status Updated','Task \"Initial Project\" status changed from completed to on_hold.',0,'2026-05-16 01:18:45','2026-05-16 01:18:45',NULL,NULL,'task_status_updated'),(61,17,5,'Task Status Updated','Task \"Initial Project\" status changed from completed to on_hold.',0,'2026-05-16 01:18:45','2026-05-16 01:18:45',NULL,NULL,'task_status_updated'),(62,17,7,'Task Status Updated','Task \"Initial Project\" status changed from completed to on_hold.',0,'2026-05-16 01:18:45','2026-05-16 01:18:45',NULL,NULL,'task_status_updated'),(63,17,11,'Task Status Updated','Task \"Initial Project\" status changed from completed to on_hold.',0,'2026-05-16 01:18:45','2026-05-16 01:18:45',NULL,NULL,'task_status_updated'),(64,17,3,'Task Status Updated','Task \"Initial Project\" status changed from on_hold to completed.',0,'2026-05-16 05:06:01','2026-05-16 05:06:01',NULL,NULL,'task_status_updated'),(65,17,5,'Task Status Updated','Task \"Initial Project\" status changed from on_hold to completed.',0,'2026-05-16 05:06:01','2026-05-16 05:06:01',NULL,NULL,'task_status_updated'),(66,17,7,'Task Status Updated','Task \"Initial Project\" status changed from on_hold to completed.',0,'2026-05-16 05:06:01','2026-05-16 05:06:01',NULL,NULL,'task_status_updated'),(67,17,11,'Task Status Updated','Task \"Initial Project\" status changed from on_hold to completed.',0,'2026-05-16 05:06:01','2026-05-16 05:06:01',NULL,NULL,'task_status_updated'),(68,19,3,'Task Status Updated','Task \"Research Design\" status changed from completed to on_hold.',0,'2026-05-16 05:06:10','2026-05-16 05:06:10',NULL,NULL,'task_status_updated'),(69,19,5,'Task Status Updated','Task \"Research Design\" status changed from completed to on_hold.',0,'2026-05-16 05:06:10','2026-05-16 05:06:10',NULL,NULL,'task_status_updated'),(70,19,9,'Task Status Updated','Task \"Research Design\" status changed from completed to on_hold.',0,'2026-05-16 05:06:10','2026-05-16 05:06:10',NULL,NULL,'task_status_updated'),(71,19,12,'Task Status Updated','Task \"Research Design\" status changed from completed to on_hold.',0,'2026-05-16 05:06:10','2026-05-16 05:06:10',NULL,NULL,'task_status_updated'),(72,19,3,'Task Status Updated','Task \"Research Design\" status changed from on_hold to completed.',1,'2026-05-16 05:06:12','2026-06-08 15:44:30',NULL,NULL,'task_status_updated'),(73,19,5,'Task Status Updated','Task \"Research Design\" status changed from on_hold to completed.',0,'2026-05-16 05:06:12','2026-05-16 05:06:12',NULL,NULL,'task_status_updated'),(74,19,9,'Task Status Updated','Task \"Research Design\" status changed from on_hold to completed.',0,'2026-05-16 05:06:12','2026-05-16 05:06:12',NULL,NULL,'task_status_updated'),(75,19,12,'Task Status Updated','Task \"Research Design\" status changed from on_hold to completed.',0,'2026-05-16 05:06:12','2026-05-16 05:06:12',NULL,NULL,'task_status_updated'),(76,21,7,'New Task','Task \"Title\" created with status draft.',0,'2026-05-26 12:24:01','2026-05-26 12:24:01',NULL,NULL,'task_status_updated'),(77,21,7,'Task Status Updated','Task \"Title\" status changed from draft to progress.',0,'2026-05-26 12:24:26','2026-05-26 12:24:26',NULL,NULL,'task_status_updated'),(78,21,7,'Task Status Updated','Task \"Title\" status changed from progress to on_hold.',0,'2026-05-26 12:24:34','2026-05-26 12:24:34',NULL,NULL,'task_status_updated'),(79,21,7,'Task Status Updated','Task \"Title\" status changed from on_hold to progress.',0,'2026-05-26 12:24:37','2026-05-26 12:24:37',NULL,NULL,'task_status_updated'),(80,21,7,'Task Status Updated','Task \"Title\" status changed from progress to draft.',0,'2026-05-26 12:24:40','2026-05-26 12:24:40',NULL,NULL,'task_status_updated'),(81,21,7,'Task Status Updated','Task \"Title\" status changed from draft to progress.',0,'2026-05-26 12:24:50','2026-05-26 12:24:50',NULL,NULL,'task_status_updated'),(82,21,7,'Task Status Updated','Task \"Title\" status changed from progress to on_hold.',0,'2026-05-30 04:52:13','2026-05-30 04:52:13',NULL,NULL,'task_status_updated'),(83,21,7,'Task Status Updated','Task \"Title\" status changed from on_hold to progress.',0,'2026-06-01 02:34:07','2026-06-01 02:34:07',NULL,NULL,'task_status_updated'),(84,21,7,'Task Status Updated','Task \"Title\" status changed from progress to on_hold.',0,'2026-06-01 02:34:15','2026-06-01 02:34:15',NULL,NULL,'task_status_updated'),(85,21,4,'Task Status Updated','Task \"Title\" status changed from on_hold to progress.',0,'2026-06-08 15:32:00','2026-06-08 15:32:00',NULL,NULL,'task_status_updated'),(86,21,7,'Task Status Updated','Task \"Title\" status changed from on_hold to progress.',0,'2026-06-08 15:32:00','2026-06-08 15:32:00',NULL,NULL,'task_status_updated'),(88,21,4,'Task Status Updated','Task \"Title\" status changed from progress to on_hold.',0,'2026-06-08 15:44:39','2026-06-08 15:44:39',NULL,NULL,'task_status_updated'),(89,21,7,'Task Status Updated','Task \"Title\" status changed from progress to on_hold.',0,'2026-06-08 15:44:39','2026-06-08 15:44:39',NULL,NULL,'task_status_updated'),(90,21,4,'Task Status Updated','Task \"Title\" status changed from on_hold to progress.',0,'2026-06-08 15:44:50','2026-06-08 15:44:50',NULL,NULL,'task_status_updated'),(91,21,7,'Task Status Updated','Task \"Title\" status changed from on_hold to progress.',0,'2026-06-08 15:44:50','2026-06-08 15:44:50',NULL,NULL,'task_status_updated'),(92,21,4,'Task Status Updated','Task \"Title\" status changed from progress to on_hold.',0,'2026-06-08 15:44:59','2026-06-08 15:44:59',NULL,NULL,'task_status_updated'),(93,21,7,'Task Status Updated','Task \"Title\" status changed from progress to on_hold.',1,'2026-06-08 15:44:59','2026-06-08 15:45:05',NULL,NULL,'task_status_updated'),(94,NULL,7,'New Manager Note','Manager note \"testt\" was created for you.',0,'2026-06-08 15:46:18','2026-06-08 15:46:18',NULL,5,'manager_note_created'),(95,NULL,7,'New Manager Note','Manager note \"yes\" was created for you.',0,'2026-06-08 15:49:01','2026-06-08 15:49:01',NULL,6,'manager_note_created'),(97,21,4,'Task Status Updated','Task \"Title\" status changed from on_hold to progress.',0,'2026-06-09 04:32:17','2026-06-09 04:32:17',NULL,NULL,'task_status_updated'),(98,21,7,'Task Status Updated','Task \"Title\" status changed from on_hold to progress.',0,'2026-06-09 04:32:17','2026-06-09 04:32:17',NULL,NULL,'task_status_updated'),(99,21,4,'Task Status Updated','Task \"Title\" status changed from progress to draft.',0,'2026-06-09 04:32:25','2026-06-09 04:32:25',NULL,NULL,'task_status_updated'),(100,21,7,'Task Status Updated','Task \"Title\" status changed from progress to draft.',0,'2026-06-09 04:32:25','2026-06-09 04:32:25',NULL,NULL,'task_status_updated'),(101,21,4,'Task Status Updated','Task \"Title\" status changed from draft to progress.',0,'2026-06-09 04:37:08','2026-06-09 04:37:08',NULL,NULL,'task_status_updated'),(102,21,7,'Task Status Updated','Task \"Title\" status changed from draft to progress.',0,'2026-06-09 04:37:08','2026-06-09 04:37:08',NULL,NULL,'task_status_updated'),(103,21,4,'Task Status Updated','Task \"Title\" status changed from progress to draft.',0,'2026-06-09 05:08:17','2026-06-09 05:08:17',NULL,NULL,'task_status_updated'),(104,21,7,'Task Status Updated','Task \"Title\" status changed from progress to draft.',0,'2026-06-09 05:08:17','2026-06-09 05:08:17',NULL,NULL,'task_status_updated'),(105,21,4,'Task Status Updated','Task \"Title\" status changed from draft to progress.',0,'2026-06-09 05:08:26','2026-06-09 05:08:26',NULL,NULL,'task_status_updated'),(106,21,7,'Task Status Updated','Task \"Title\" status changed from draft to progress.',0,'2026-06-09 05:08:26','2026-06-09 05:08:26',NULL,NULL,'task_status_updated'),(107,21,4,'Task Status Updated','Task \"Title\" status changed from progress to draft.',0,'2026-06-09 05:08:52','2026-06-09 05:08:52',NULL,NULL,'task_status_updated'),(108,21,7,'Task Status Updated','Task \"Title\" status changed from progress to draft.',0,'2026-06-09 05:08:52','2026-06-09 05:08:52',NULL,NULL,'task_status_updated'),(109,21,4,'Task Status Updated','Task \"Title\" status changed from draft to progress.',0,'2026-06-09 05:09:40','2026-06-09 05:09:40',NULL,NULL,'task_status_updated'),(110,21,7,'Task Status Updated','Task \"Title\" status changed from draft to progress.',0,'2026-06-09 05:09:40','2026-06-09 05:09:40',NULL,NULL,'task_status_updated'),(111,21,4,'Task Status Updated','Task \"Title\" status changed from progress to on_hold.',0,'2026-06-09 11:25:15','2026-06-09 11:25:15',NULL,NULL,'task_status_updated'),(112,21,7,'Task Status Updated','Task \"Title\" status changed from progress to on_hold.',0,'2026-06-09 11:25:15','2026-06-09 11:25:15',NULL,NULL,'task_status_updated'),(113,21,4,'Task Status Updated','Task \"Title\" status changed from on_hold to draft.',0,'2026-06-09 11:25:46','2026-06-09 11:25:46',NULL,NULL,'task_status_updated'),(114,21,7,'Task Status Updated','Task \"Title\" status changed from on_hold to draft.',0,'2026-06-09 11:25:46','2026-06-09 11:25:46',NULL,NULL,'task_status_updated'),(115,21,4,'Task Status Updated','Task \"Title\" status changed from draft to progress.',0,'2026-06-09 11:26:19','2026-06-09 11:26:19',NULL,NULL,'task_status_updated'),(116,21,7,'Task Status Updated','Task \"Title\" status changed from draft to progress.',0,'2026-06-09 11:26:19','2026-06-09 11:26:19',NULL,NULL,'task_status_updated'),(117,21,4,'Task Status Updated','Task \"Title\" status changed from progress to on_hold.',0,'2026-06-09 11:32:22','2026-06-09 11:32:22',NULL,NULL,'task_status_updated'),(118,21,7,'Task Status Updated','Task \"Title\" status changed from progress to on_hold.',0,'2026-06-09 11:32:22','2026-06-09 11:32:22',NULL,NULL,'task_status_updated'),(119,21,4,'Task Status Updated','Task \"Title\" status changed from on_hold to progress.',0,'2026-06-09 11:32:45','2026-06-09 11:32:45',NULL,NULL,'task_status_updated'),(120,21,7,'Task Status Updated','Task \"Title\" status changed from on_hold to progress.',0,'2026-06-09 11:32:45','2026-06-09 11:32:45',NULL,NULL,'task_status_updated'),(121,21,4,'Task Status Updated','Task \"Title\" status changed from progress to draft.',0,'2026-06-09 11:32:48','2026-06-09 11:32:48',NULL,NULL,'task_status_updated'),(122,21,7,'Task Status Updated','Task \"Title\" status changed from progress to draft.',0,'2026-06-09 11:32:48','2026-06-09 11:32:48',NULL,NULL,'task_status_updated'),(123,21,4,'Task Status Updated','Task \"Title\" status changed from draft to progress.',0,'2026-06-09 13:01:15','2026-06-09 13:01:15',NULL,NULL,'task_status_updated'),(124,21,7,'Task Status Updated','Task \"Title\" status changed from draft to progress.',0,'2026-06-09 13:01:15','2026-06-09 13:01:15',NULL,NULL,'task_status_updated'),(125,21,4,'Task Status Updated','Task \"Title\" status changed from progress to on_hold.',0,'2026-06-09 13:01:31','2026-06-09 13:01:31',NULL,NULL,'task_status_updated'),(126,21,7,'Task Status Updated','Task \"Title\" status changed from progress to on_hold.',0,'2026-06-09 13:01:31','2026-06-09 13:01:31',NULL,NULL,'task_status_updated'),(127,21,4,'Task Status Updated','Task \"Title\" status changed from on_hold to progress.',0,'2026-06-09 13:01:36','2026-06-09 13:01:36',NULL,NULL,'task_status_updated'),(128,21,7,'Task Status Updated','Task \"Title\" status changed from on_hold to progress.',0,'2026-06-09 13:01:36','2026-06-09 13:01:36',NULL,NULL,'task_status_updated'),(129,21,4,'Task Status Updated','Task \"Title\" status changed from progress to draft.',0,'2026-06-09 13:01:46','2026-06-09 13:01:46',NULL,NULL,'task_status_updated'),(130,21,7,'Task Status Updated','Task \"Title\" status changed from progress to draft.',0,'2026-06-09 13:01:46','2026-06-09 13:01:46',NULL,NULL,'task_status_updated'),(131,21,4,'Task Status Updated','Task \"Title\" status changed from draft to progress.',0,'2026-06-09 13:03:03','2026-06-09 13:03:03',NULL,NULL,'task_status_updated'),(132,21,7,'Task Status Updated','Task \"Title\" status changed from draft to progress.',0,'2026-06-09 13:03:03','2026-06-09 13:03:03',NULL,NULL,'task_status_updated'),(133,21,7,'Task Comment Mention','You were mentioned in a comment on task \"Title\".',0,'2026-06-11 12:38:10','2026-06-11 12:38:10',NULL,NULL,'task_comment_mention'),(134,21,7,'Task Comment Mention','You were mentioned in a comment on task \"Title\".',0,'2026-06-11 12:58:15','2026-06-11 12:58:15',NULL,NULL,'task_comment_mention'),(135,21,7,'Task Comment Mention','You were mentioned in a comment on task \"Title\".',0,'2026-06-11 12:58:48','2026-06-11 12:58:48',NULL,NULL,'task_comment_mention'),(136,21,4,'Task Comment Mention','You were mentioned in a comment on task \"Title\".',0,'2026-06-11 13:49:15','2026-06-11 13:49:15',NULL,NULL,'task_comment_mention'),(137,21,7,'New Task Todo','Todo \"yes\" was added to task \"Title\".',0,'2026-06-12 15:57:25','2026-06-12 15:57:25',19,NULL,'task_todo_created'),(142,21,4,'Task Status Updated','Task \"Title\" status changed from progress to completed.',0,'2026-06-13 06:16:31','2026-06-13 06:16:31',NULL,NULL,'task_status_updated'),(143,21,7,'Task Status Updated','Task \"Title\" status changed from progress to completed.',0,'2026-06-13 06:16:31','2026-06-13 06:16:31',NULL,NULL,'task_status_updated'),(144,21,4,'Task Status Updated','Task \"Title\" status changed from completed to progress.',0,'2026-06-13 06:16:51','2026-06-13 06:16:51',NULL,NULL,'task_status_updated'),(145,21,7,'Task Status Updated','Task \"Title\" status changed from completed to progress.',0,'2026-06-13 06:16:51','2026-06-13 06:16:51',NULL,NULL,'task_status_updated'),(146,21,4,'Task Status Updated','Task \"Title\" status changed from progress to completed.',0,'2026-06-13 06:26:57','2026-06-13 06:26:57',NULL,NULL,'task_status_updated'),(147,21,7,'Task Status Updated','Task \"Title\" status changed from progress to completed.',0,'2026-06-13 06:26:57','2026-06-13 06:26:57',NULL,NULL,'task_status_updated'),(148,21,4,'Task Status Updated','Task \"Title\" status changed from completed to progress.',0,'2026-06-13 06:27:07','2026-06-13 06:27:07',NULL,NULL,'task_status_updated'),(149,21,7,'Task Status Updated','Task \"Title\" status changed from completed to progress.',0,'2026-06-13 06:27:07','2026-06-13 06:27:07',NULL,NULL,'task_status_updated'),(150,21,7,'New Task Todo','Todo \"testttt\" was added to task \"Title\".',0,'2026-06-13 08:31:58','2026-06-13 08:31:58',20,NULL,'task_todo_created'),(153,25,5,'New Task','Task \"Mevindo Project\" created with status draft.',0,'2026-06-13 09:38:56','2026-06-13 09:38:56',NULL,NULL,'task_created'),(154,25,9,'New Task','Task \"Mevindo Project\" created with status draft.',0,'2026-06-13 09:38:56','2026-06-13 09:38:56',NULL,NULL,'task_created'),(155,25,12,'New Task','Task \"Mevindo Project\" created with status draft.',0,'2026-06-13 09:38:56','2026-06-13 09:38:56',NULL,NULL,'task_created'),(156,21,7,'Task Status Updated','Task \"Check minor bugs\" status changed from progress to completed.',0,'2026-06-13 09:56:58','2026-06-13 09:56:58',NULL,NULL,'task_status_updated'),(157,21,11,'Task Status Updated','Task \"Check minor bugs\" status changed from progress to completed.',0,'2026-06-13 09:56:58','2026-06-13 09:56:58',NULL,NULL,'task_status_updated'),(158,21,12,'Task Status Updated','Task \"Check minor bugs\" status changed from progress to completed.',0,'2026-06-13 09:56:58','2026-06-13 09:56:58',NULL,NULL,'task_status_updated'),(159,25,5,'New Task Todo','Todo \"design\" was added to task \"Mevindo Project\".',0,'2026-06-13 09:58:42','2026-06-13 09:58:42',24,NULL,'task_todo_created'),(160,25,9,'New Task Todo','Todo \"design\" was added to task \"Mevindo Project\".',0,'2026-06-13 09:58:42','2026-06-13 09:58:42',24,NULL,'task_todo_created'),(161,21,11,'Task Comment Mention','You were mentioned in a comment on task \"Check minor bugs\".',0,'2026-06-13 10:37:19','2026-06-13 10:37:19',NULL,NULL,'task_comment_mention'),(162,21,7,'Task Comment Mention','You were mentioned in a comment on task \"Check minor bugs\".',0,'2026-06-13 10:38:28','2026-06-13 10:38:28',NULL,NULL,'task_comment_mention'),(163,25,5,'Task Comment Mention','You were mentioned in a comment on task \"Mevindo Project\".',0,'2026-06-13 12:30:59','2026-06-13 12:30:59',NULL,NULL,'task_comment_mention'),(164,25,5,'Task Comment Mention','You were mentioned in a comment on task \"Mevindo Project\".',0,'2026-06-13 12:31:56','2026-06-13 12:31:56',NULL,NULL,'task_comment_mention'),(165,21,7,'Task Status Updated','Task \"Check minor bugs\" status changed from completed to on_hold.',0,'2026-06-13 14:21:26','2026-06-13 14:21:26',NULL,NULL,'task_status_updated'),(166,21,11,'Task Status Updated','Task \"Check minor bugs\" status changed from completed to on_hold.',0,'2026-06-13 14:21:26','2026-06-13 14:21:26',NULL,NULL,'task_status_updated'),(167,21,12,'Task Status Updated','Task \"Check minor bugs\" status changed from completed to on_hold.',0,'2026-06-13 14:21:26','2026-06-13 14:21:26',NULL,NULL,'task_status_updated'),(168,21,7,'Task Status Updated','Task \"Check minor bugs\" status changed from on_hold to completed.',0,'2026-06-13 14:21:34','2026-06-13 14:21:34',NULL,NULL,'task_status_updated'),(169,21,11,'Task Status Updated','Task \"Check minor bugs\" status changed from on_hold to completed.',0,'2026-06-13 14:21:34','2026-06-13 14:21:34',NULL,NULL,'task_status_updated'),(170,21,12,'Task Status Updated','Task \"Check minor bugs\" status changed from on_hold to completed.',0,'2026-06-13 14:21:34','2026-06-13 14:21:34',NULL,NULL,'task_status_updated');
/*!40000 ALTER TABLE `notifications` ENABLE KEYS */;
UNLOCK TABLES;

--
-- Table structure for table `projects`
--

DROP TABLE IF EXISTS `projects`;
/*!40101 SET @saved_cs_client     = @@character_set_client */;
/*!50503 SET character_set_client = utf8mb4 */;
CREATE TABLE `projects` (
  `id` int unsigned NOT NULL AUTO_INCREMENT,
  `user_id` int unsigned NOT NULL,
  `label` varchar(120) NOT NULL,
  `description` text,
  `photo` varchar(255) DEFAULT NULL,
  `created_at` timestamp NOT NULL DEFAULT CURRENT_TIMESTAMP,
  `updated_at` timestamp NOT NULL DEFAULT CURRENT_TIMESTAMP ON UPDATE CURRENT_TIMESTAMP,
  PRIMARY KEY (`id`),
  KEY `FK_bd55b203eb9f92b0c8390380010` (`user_id`),
  CONSTRAINT `FK_bd55b203eb9f92b0c8390380010` FOREIGN KEY (`user_id`) REFERENCES `users` (`id`) ON DELETE CASCADE
) ENGINE=InnoDB AUTO_INCREMENT=8 DEFAULT CHARSET=utf8mb4 COLLATE=utf8mb4_0900_ai_ci;
/*!40101 SET character_set_client = @saved_cs_client */;

--
-- Dumping data for table `projects`
--

LOCK TABLES `projects` WRITE;
/*!40000 ALTER TABLE `projects` DISABLE KEYS */;
INSERT INTO `projects` VALUES (2,3,'LTV','Music School','/uploads/projects/1778829511130-668708330.webp','2026-05-15 06:51:32','2026-05-15 07:18:31'),(3,3,'GGG','Glori Group Gener','/uploads/projects/1778829563410-672987901.png','2026-05-15 07:15:42','2026-05-15 07:19:23'),(4,3,'Panbil','Panbil Batam','/uploads/projects/1778829592346-446449454.png','2026-05-15 07:15:57','2026-05-15 07:19:52'),(5,3,'Clara','Clara API','/uploads/projects/1778912171572-781707428.jpg','2026-05-15 07:16:17','2026-05-16 06:16:12'),(6,3,'Mevindo','Mevindo Batam','/uploads/projects/1778829620094-929726027.jpg','2026-05-15 07:16:26','2026-05-15 07:20:20'),(7,3,'GloGlo','GloGlo Batam','/uploads/projects/1778829684910-461138596.png','2026-05-15 07:21:24','2026-05-15 07:21:24');
/*!40000 ALTER TABLE `projects` ENABLE KEYS */;
UNLOCK TABLES;

--
-- Table structure for table `sticky_notes`
--

DROP TABLE IF EXISTS `sticky_notes`;
/*!40101 SET @saved_cs_client     = @@character_set_client */;
/*!50503 SET character_set_client = utf8mb4 */;
CREATE TABLE `sticky_notes` (
  `id` int unsigned NOT NULL AUTO_INCREMENT,
  `user_id` int unsigned NOT NULL,
  `title` varchar(150) NOT NULL,
  `description` text,
  PRIMARY KEY (`id`),
  KEY `FK_7fe89e901538f4977fcda1c2155` (`user_id`),
  CONSTRAINT `FK_7fe89e901538f4977fcda1c2155` FOREIGN KEY (`user_id`) REFERENCES `users` (`id`) ON DELETE CASCADE
) ENGINE=InnoDB AUTO_INCREMENT=5 DEFAULT CHARSET=utf8mb4 COLLATE=utf8mb4_0900_ai_ci;
/*!40101 SET character_set_client = @saved_cs_client */;

--
-- Dumping data for table `sticky_notes`
--

LOCK TABLES `sticky_notes` WRITE;
/*!40000 ALTER TABLE `sticky_notes` DISABLE KEYS */;
INSERT INTO `sticky_notes` VALUES (1,1,'toast',''),(2,1,'p',''),(3,3,'meeting minggu',''),(4,7,'test','');
/*!40000 ALTER TABLE `sticky_notes` ENABLE KEYS */;
UNLOCK TABLES;

--
-- Table structure for table `task`
--

DROP TABLE IF EXISTS `task`;
/*!40101 SET @saved_cs_client     = @@character_set_client */;
/*!50503 SET character_set_client = utf8mb4 */;
CREATE TABLE `task` (
  `id` int unsigned NOT NULL AUTO_INCREMENT,
  `project_id` int unsigned NOT NULL,
  `user_id` int unsigned NOT NULL,
  `title` varchar(150) NOT NULL,
  `description` text,
  `due_date` datetime DEFAULT NULL,
  `estimate_time` int unsigned DEFAULT NULL,
  `finish_date` datetime DEFAULT NULL,
  `status` varchar(30) NOT NULL DEFAULT 'draft',
  `order_index` int unsigned NOT NULL DEFAULT '0',
  `moved_at` datetime DEFAULT NULL,
  `completed_at` datetime DEFAULT NULL,
  `updated_by` int unsigned DEFAULT NULL,
  `board_column` varchar(30) NOT NULL DEFAULT 'draft',
  `assignee_user_ids` json DEFAULT NULL,
  `label_ids` json DEFAULT NULL,
  `bookmarks` json DEFAULT NULL,
  `files` json DEFAULT NULL,
  `movement_history` json DEFAULT NULL,
  `created_by` int unsigned DEFAULT NULL,
  `created_at` timestamp NOT NULL DEFAULT CURRENT_TIMESTAMP,
  `updated_at` timestamp NOT NULL DEFAULT CURRENT_TIMESTAMP ON UPDATE CURRENT_TIMESTAMP,
  `task_todo_id` int unsigned DEFAULT NULL,
  `progress` int unsigned NOT NULL DEFAULT '0',
  PRIMARY KEY (`id`),
  KEY `FK_6ea2c1c13f01b7a383ebbeaebb0` (`user_id`),
  KEY `FK_2a7b977aff0dac7e84dd04e62e4` (`updated_by`),
  KEY `IDX_TASK_KANBAN` (`project_id`,`board_column`,`order_index`),
  KEY `FK_7126a406a07736826b7988ae207` (`created_by`),
  KEY `IDX_TASK_TASK_TODO_ID` (`task_todo_id`),
  KEY `IDX_TASK_PROGRESS` (`progress`),
  CONSTRAINT `FK_1f53e7ffe94530f9e0221224d29` FOREIGN KEY (`project_id`) REFERENCES `projects` (`id`) ON DELETE CASCADE,
  CONSTRAINT `FK_2a7b977aff0dac7e84dd04e62e4` FOREIGN KEY (`updated_by`) REFERENCES `users` (`id`) ON DELETE SET NULL,
  CONSTRAINT `FK_4066f8cf7b4af0583ff39fa7f0f` FOREIGN KEY (`task_todo_id`) REFERENCES `task_todos` (`id`) ON DELETE SET NULL,
  CONSTRAINT `FK_6ea2c1c13f01b7a383ebbeaebb0` FOREIGN KEY (`user_id`) REFERENCES `users` (`id`) ON DELETE CASCADE,
  CONSTRAINT `FK_7126a406a07736826b7988ae207` FOREIGN KEY (`created_by`) REFERENCES `users` (`id`) ON DELETE SET NULL
) ENGINE=InnoDB AUTO_INCREMENT=26 DEFAULT CHARSET=utf8mb4 COLLATE=utf8mb4_0900_ai_ci;
/*!40101 SET character_set_client = @saved_cs_client */;

--
-- Dumping data for table `task`
--

LOCK TABLES `task` WRITE;
/*!40000 ALTER TABLE `task` DISABLE KEYS */;
INSERT INTO `task` VALUES (17,2,5,'Initial Project','Initial Project','2026-05-15 07:00:00',NULL,NULL,'completed',0,'2026-06-07 19:55:38','2026-06-13 16:24:31',NULL,'completed','[5, 9]','[4]',NULL,NULL,NULL,11,'2026-05-15 07:23:08','2026-06-13 09:24:30',16,0),(18,2,12,'Design Low Fidelity',NULL,'2024-03-07 07:00:00',NULL,NULL,'completed',1,NULL,NULL,NULL,'completed','[12, 5, 3, 9]','[4]',NULL,NULL,NULL,12,'2026-05-15 09:03:29','2026-05-15 09:03:29',NULL,0),(19,2,12,'Research Design',NULL,'2024-03-08 07:00:00',NULL,NULL,'completed',0,'2026-05-16 12:06:12','2026-05-16 12:06:12',NULL,'completed','[12, 9, 5, 3]','[4]',NULL,NULL,NULL,12,'2026-05-15 09:04:12','2026-05-16 05:06:12',NULL,0),(20,2,11,'Setup DB',NULL,'2024-05-07 07:00:00',NULL,NULL,'completed',1,'2026-05-16 08:11:55','2026-05-16 08:11:55',NULL,'completed','[11, 3]','[5]',NULL,NULL,NULL,11,'2026-05-15 09:04:58','2026-05-16 01:11:54',NULL,0),(21,7,12,'Check minor bugs','halo','2026-05-26 07:00:00',NULL,NULL,'completed',0,'2026-06-13 21:21:34','2026-06-13 21:21:34',NULL,'completed','[12, 7, 11]','[2]',NULL,NULL,NULL,3,'2026-05-26 12:24:00','2026-06-13 14:21:33',17,43),(25,6,9,'Mevindo Project',NULL,'2026-06-23 07:00:00',NULL,NULL,'draft',0,NULL,NULL,NULL,'draft','[9, 12, 5]','[3]',NULL,NULL,NULL,3,'2026-06-13 09:38:55','2026-06-13 09:58:42',24,0);
/*!40000 ALTER TABLE `task` ENABLE KEYS */;
UNLOCK TABLES;

--
-- Table structure for table `task_attachments`
--

DROP TABLE IF EXISTS `task_attachments`;
/*!40101 SET @saved_cs_client     = @@character_set_client */;
/*!50503 SET character_set_client = utf8mb4 */;
CREATE TABLE `task_attachments` (
  `id` int unsigned NOT NULL AUTO_INCREMENT,
  `task_id` int unsigned NOT NULL,
  `files` varchar(255) NOT NULL,
  `file_path` varchar(255) DEFAULT NULL,
  `original_name` varchar(255) DEFAULT NULL,
  `mime_type` varchar(150) DEFAULT NULL,
  `size` int unsigned DEFAULT NULL,
  `created_at` timestamp NOT NULL DEFAULT CURRENT_TIMESTAMP,
  `updated_at` timestamp NOT NULL DEFAULT CURRENT_TIMESTAMP ON UPDATE CURRENT_TIMESTAMP,
  PRIMARY KEY (`id`),
  KEY `IDX_TASK_ATTACHMENTS_TASK_ID` (`task_id`),
  CONSTRAINT `FK_8c07320adec50a39744a4a301d3` FOREIGN KEY (`task_id`) REFERENCES `task` (`id`) ON DELETE CASCADE
) ENGINE=InnoDB AUTO_INCREMENT=7 DEFAULT CHARSET=utf8mb4 COLLATE=utf8mb4_0900_ai_ci;
/*!40101 SET character_set_client = @saved_cs_client */;

--
-- Dumping data for table `task_attachments`
--

LOCK TABLES `task_attachments` WRITE;
/*!40000 ALTER TABLE `task_attachments` DISABLE KEYS */;
INSERT INTO `task_attachments` VALUES (4,21,'uploads/task-attachments/1781283052157-485996374.pdf','storage/uploads/task-attachments/1781283052157-485996374.pdf','TA Prodi TRPL Rayyan Kheisar - Ganjil 2025-2026 (3).pdf','application/pdf',5515552,'2026-06-12 16:50:52','2026-06-12 16:50:52'),(5,21,'uploads/task-attachments/1781339579365-14818058.pdf','storage/uploads/task-attachments/1781339579365-14818058.pdf','task-report-2026-june.pdf','application/pdf',3411,'2026-06-13 08:32:59','2026-06-13 08:32:59'),(6,21,'uploads/task-attachments/1781339697886-688168090.pdf','storage/uploads/task-attachments/1781339697886-688168090.pdf','task-report-2026-all-months.pdf','application/pdf',4401,'2026-06-13 08:34:58','2026-06-13 08:34:58');
/*!40000 ALTER TABLE `task_attachments` ENABLE KEYS */;
UNLOCK TABLES;

--
-- Table structure for table `task_comments`
--

DROP TABLE IF EXISTS `task_comments`;
/*!40101 SET @saved_cs_client     = @@character_set_client */;
/*!50503 SET character_set_client = utf8mb4 */;
CREATE TABLE `task_comments` (
  `id` int unsigned NOT NULL AUTO_INCREMENT,
  `task_id` int unsigned NOT NULL,
  `user_id` int unsigned NOT NULL,
  `message` text NOT NULL,
  `created_at` timestamp NOT NULL DEFAULT CURRENT_TIMESTAMP,
  `updated_at` timestamp NOT NULL DEFAULT CURRENT_TIMESTAMP ON UPDATE CURRENT_TIMESTAMP,
  PRIMARY KEY (`id`),
  KEY `IDX_TASK_COMMENTS_TASK_ID` (`task_id`),
  KEY `IDX_TASK_COMMENTS_USER_ID` (`user_id`),
  CONSTRAINT `FK_07ff0d4347a198527663bda63d9` FOREIGN KEY (`user_id`) REFERENCES `users` (`id`) ON DELETE CASCADE,
  CONSTRAINT `FK_ba9e465cfc707006e60aae59946` FOREIGN KEY (`task_id`) REFERENCES `task` (`id`) ON DELETE CASCADE
) ENGINE=InnoDB AUTO_INCREMENT=18 DEFAULT CHARSET=utf8mb4 COLLATE=utf8mb4_0900_ai_ci;
/*!40101 SET character_set_client = @saved_cs_client */;

--
-- Dumping data for table `task_comments`
--

LOCK TABLES `task_comments` WRITE;
/*!40000 ALTER TABLE `task_comments` DISABLE KEYS */;
INSERT INTO `task_comments` VALUES (1,21,7,'tes','2026-06-11 11:56:27','2026-06-11 11:56:27'),(2,21,3,'halo','2026-06-11 11:57:14','2026-06-11 11:57:14'),(3,21,7,'yes','2026-06-11 11:57:28','2026-06-11 11:57:28'),(4,21,3,'@rayyan yes?','2026-06-11 12:38:09','2026-06-11 12:38:09'),(5,21,3,'hey','2026-06-11 12:48:58','2026-06-11 12:48:58'),(6,21,3,'@rayyan hey','2026-06-11 12:58:15','2026-06-11 12:58:15'),(7,21,3,'@rayyan  yo','2026-06-11 12:58:48','2026-06-11 12:58:48'),(8,21,3,'@hifdza halo','2026-06-11 13:49:14','2026-06-11 13:49:14'),(9,21,4,'tes','2026-06-13 06:04:02','2026-06-13 06:04:02'),(10,21,3,'io','2026-06-13 06:04:45','2026-06-13 06:04:45'),(11,21,7,'@dafi bang','2026-06-13 10:37:18','2026-06-13 10:37:18'),(12,21,3,'halo @rayyan','2026-06-13 10:38:28','2026-06-13 10:38:28'),(13,25,3,'@Faishal tes','2026-06-13 12:30:58','2026-06-13 12:30:58'),(14,25,3,'@Faishal kerjakan','2026-06-13 12:31:56','2026-06-13 12:31:56'),(15,25,5,'p','2026-06-13 12:32:17','2026-06-13 12:32:17'),(16,25,3,'p','2026-06-13 12:33:01','2026-06-13 12:33:01'),(17,25,5,'<script>alert(\'hello world\')</script>','2026-06-13 12:34:09','2026-06-13 12:34:09');
/*!40000 ALTER TABLE `task_comments` ENABLE KEYS */;
UNLOCK TABLES;

--
-- Table structure for table `task_labels`
--

DROP TABLE IF EXISTS `task_labels`;
/*!40101 SET @saved_cs_client     = @@character_set_client */;
/*!50503 SET character_set_client = utf8mb4 */;
CREATE TABLE `task_labels` (
  `id` int unsigned NOT NULL AUTO_INCREMENT,
  `name` varchar(80) NOT NULL,
  `color` varchar(30) NOT NULL,
  PRIMARY KEY (`id`)
) ENGINE=InnoDB AUTO_INCREMENT=7 DEFAULT CHARSET=utf8mb4 COLLATE=utf8mb4_0900_ai_ci;
/*!40101 SET character_set_client = @saved_cs_client */;

--
-- Dumping data for table `task_labels`
--

LOCK TABLES `task_labels` WRITE;
/*!40000 ALTER TABLE `task_labels` DISABLE KEYS */;
INSERT INTO `task_labels` VALUES (1,'urgent','red'),(2,'important','amber'),(3,'New Feature','green'),(4,'Front End','blue'),(5,'Back End','slate'),(6,'Update Feature','amber');
/*!40000 ALTER TABLE `task_labels` ENABLE KEYS */;
UNLOCK TABLES;

--
-- Table structure for table `task_todo_users`
--

DROP TABLE IF EXISTS `task_todo_users`;
/*!40101 SET @saved_cs_client     = @@character_set_client */;
/*!50503 SET character_set_client = utf8mb4 */;
CREATE TABLE `task_todo_users` (
  `id` int unsigned NOT NULL AUTO_INCREMENT,
  `task_todo_id` int unsigned NOT NULL,
  `user_id` int unsigned NOT NULL,
  `created_at` timestamp NOT NULL DEFAULT CURRENT_TIMESTAMP,
  `updated_at` timestamp NOT NULL DEFAULT CURRENT_TIMESTAMP ON UPDATE CURRENT_TIMESTAMP,
  PRIMARY KEY (`id`),
  UNIQUE KEY `UQ_TASK_TODO_USERS_TASK_TODO_USER` (`task_todo_id`,`user_id`),
  KEY `IDX_TASK_TODO_USERS_TASK_TODO_ID` (`task_todo_id`),
  KEY `IDX_TASK_TODO_USERS_USER_ID` (`user_id`),
  CONSTRAINT `FK_3629ec464f39bfcc89a6d16ebdd` FOREIGN KEY (`user_id`) REFERENCES `users` (`id`) ON DELETE CASCADE,
  CONSTRAINT `FK_f697b5b1afbac7fc6387d3feda5` FOREIGN KEY (`task_todo_id`) REFERENCES `task_todos` (`id`) ON DELETE CASCADE
) ENGINE=InnoDB AUTO_INCREMENT=6 DEFAULT CHARSET=utf8mb4 COLLATE=utf8mb4_0900_ai_ci;
/*!40101 SET character_set_client = @saved_cs_client */;

--
-- Dumping data for table `task_todo_users`
--

LOCK TABLES `task_todo_users` WRITE;
/*!40000 ALTER TABLE `task_todo_users` DISABLE KEYS */;
INSERT INTO `task_todo_users` VALUES (1,19,7,'2026-06-12 15:57:25','2026-06-12 15:57:25'),(2,20,7,'2026-06-13 08:31:58','2026-06-13 08:31:58'),(3,22,12,'2026-06-13 09:01:18','2026-06-13 09:01:18'),(4,24,5,'2026-06-13 09:58:42','2026-06-13 09:58:42'),(5,24,9,'2026-06-13 09:58:42','2026-06-13 09:58:42');
/*!40000 ALTER TABLE `task_todo_users` ENABLE KEYS */;
UNLOCK TABLES;

--
-- Table structure for table `task_todos`
--

DROP TABLE IF EXISTS `task_todos`;
/*!40101 SET @saved_cs_client     = @@character_set_client */;
/*!50503 SET character_set_client = utf8mb4 */;
CREATE TABLE `task_todos` (
  `id` int unsigned NOT NULL AUTO_INCREMENT,
  `task_id` int unsigned NOT NULL,
  `user_id` int unsigned DEFAULT NULL,
  `label` varchar(150) NOT NULL,
  `progress` int unsigned NOT NULL DEFAULT '0',
  `status` varchar(30) NOT NULL DEFAULT 'pending',
  `estimate_time` int unsigned DEFAULT NULL,
  `due_date` datetime DEFAULT NULL,
  `finish_date` datetime DEFAULT NULL,
  `files` json DEFAULT NULL,
  `created_by` int unsigned DEFAULT NULL,
  `updated_by` int unsigned DEFAULT NULL,
  `created_at` timestamp NOT NULL DEFAULT CURRENT_TIMESTAMP,
  `updated_at` timestamp NOT NULL DEFAULT CURRENT_TIMESTAMP ON UPDATE CURRENT_TIMESTAMP,
  PRIMARY KEY (`id`),
  KEY `FK_21a3d6866683440975468a7a5fd` (`task_id`),
  KEY `FK_30b203edce4644b796bea3472fc` (`user_id`),
  KEY `FK_343650ab9a370b1b098a2c163a7` (`created_by`),
  KEY `FK_8b451a7d33f0d9dabe1e93766bb` (`updated_by`),
  CONSTRAINT `FK_21a3d6866683440975468a7a5fd` FOREIGN KEY (`task_id`) REFERENCES `task` (`id`) ON DELETE CASCADE,
  CONSTRAINT `FK_30b203edce4644b796bea3472fc` FOREIGN KEY (`user_id`) REFERENCES `users` (`id`) ON DELETE SET NULL,
  CONSTRAINT `FK_343650ab9a370b1b098a2c163a7` FOREIGN KEY (`created_by`) REFERENCES `users` (`id`) ON DELETE SET NULL,
  CONSTRAINT `FK_8b451a7d33f0d9dabe1e93766bb` FOREIGN KEY (`updated_by`) REFERENCES `users` (`id`) ON DELETE SET NULL
) ENGINE=InnoDB AUTO_INCREMENT=25 DEFAULT CHARSET=utf8mb4 COLLATE=utf8mb4_0900_ai_ci;
/*!40101 SET character_set_client = @saved_cs_client */;

--
-- Dumping data for table `task_todos`
--

LOCK TABLES `task_todos` WRITE;
/*!40000 ALTER TABLE `task_todos` DISABLE KEYS */;
INSERT INTO `task_todos` VALUES (16,17,5,'Initial commit',0,'draft',NULL,NULL,NULL,NULL,5,NULL,'2026-05-16 01:08:29','2026-05-16 01:08:29'),(17,21,7,'test',0,'draft',NULL,NULL,NULL,NULL,7,NULL,'2026-05-26 12:24:01','2026-05-26 12:24:01'),(18,21,7,'halo',100,'complete',NULL,NULL,NULL,NULL,7,NULL,'2026-06-02 08:53:40','2026-06-02 08:56:00'),(19,21,7,'yes',100,'complete',1,NULL,NULL,NULL,3,NULL,'2026-06-12 15:57:24','2026-06-13 06:43:56'),(20,21,7,'testttt',100,'completed_but_overdue',1,NULL,NULL,NULL,3,NULL,'2026-06-13 08:31:58','2026-06-13 09:56:14'),(21,21,NULL,'testt',0,'draft',NULL,NULL,NULL,NULL,7,NULL,'2026-06-13 08:48:19','2026-06-13 08:48:19'),(22,21,12,'tes',0,'draft',NULL,NULL,NULL,NULL,7,3,'2026-06-13 08:58:18','2026-06-13 09:01:18'),(23,21,NULL,'yes',0,'draft',NULL,NULL,NULL,NULL,7,NULL,'2026-06-13 09:00:00','2026-06-13 09:00:00'),(24,25,5,'design',0,'draft',2,NULL,NULL,NULL,3,NULL,'2026-06-13 09:58:42','2026-06-13 09:58:42');
/*!40000 ALTER TABLE `task_todos` ENABLE KEYS */;
UNLOCK TABLES;

--
-- Table structure for table `timelog_file`
--

DROP TABLE IF EXISTS `timelog_file`;
/*!40101 SET @saved_cs_client     = @@character_set_client */;
/*!50503 SET character_set_client = utf8mb4 */;
CREATE TABLE `timelog_file` (
  `id` int unsigned NOT NULL AUTO_INCREMENT,
  `timelog_id` int unsigned NOT NULL,
  `file_url` varchar(255) DEFAULT NULL,
  `file_path` varchar(255) DEFAULT NULL,
  `note` text,
  `photo` varchar(255) DEFAULT NULL,
  PRIMARY KEY (`id`),
  KEY `FK_e67d71afbcd86b520da3e53621a` (`timelog_id`),
  CONSTRAINT `FK_e67d71afbcd86b520da3e53621a` FOREIGN KEY (`timelog_id`) REFERENCES `timelogs` (`id`) ON DELETE CASCADE
) ENGINE=InnoDB AUTO_INCREMENT=3 DEFAULT CHARSET=utf8mb4 COLLATE=utf8mb4_0900_ai_ci;
/*!40101 SET character_set_client = @saved_cs_client */;

--
-- Dumping data for table `timelog_file`
--

LOCK TABLES `timelog_file` WRITE;
/*!40000 ALTER TABLE `timelog_file` DISABLE KEYS */;
INSERT INTO `timelog_file` VALUES (1,19,'/uploads/timelog-file/1780390378340-504202509.png','storage/uploads/timelog-file/1780390378340-504202509.png',NULL,'/uploads/timelog-file/1780390378340-504202509.png'),(2,29,'uploads/timelog-file/1781353694191-479779456.png','storage/uploads/timelog-file/1781353694191-479779456.png','selasai','uploads/timelog-file/1781353694191-479779456.png');
/*!40000 ALTER TABLE `timelog_file` ENABLE KEYS */;
UNLOCK TABLES;

--
-- Table structure for table `timelogs`
--

DROP TABLE IF EXISTS `timelogs`;
/*!40101 SET @saved_cs_client     = @@character_set_client */;
/*!50503 SET character_set_client = utf8mb4 */;
CREATE TABLE `timelogs` (
  `id` int unsigned NOT NULL AUTO_INCREMENT,
  `user_id` int unsigned NOT NULL,
  `task_todo_id` int unsigned DEFAULT NULL,
  `name` varchar(150) NOT NULL,
  `time` varchar(50) DEFAULT NULL,
  `start` datetime DEFAULT NULL,
  `end` datetime DEFAULT NULL,
  `start_note` text,
  `end_note` text,
  `minuted_logged` int unsigned DEFAULT NULL,
  `status` varchar(30) NOT NULL DEFAULT 'active',
  `created_at` timestamp NOT NULL DEFAULT CURRENT_TIMESTAMP,
  `updated_at` timestamp NOT NULL DEFAULT CURRENT_TIMESTAMP ON UPDATE CURRENT_TIMESTAMP,
  PRIMARY KEY (`id`),
  KEY `FK_be1a23e90cd0a7c2ca063908a00` (`user_id`),
  KEY `FK_472261c73ff55ab847bd59cc6fe` (`task_todo_id`),
  KEY `IDX_TIMELOGS_STATUS` (`status`),
  CONSTRAINT `FK_472261c73ff55ab847bd59cc6fe` FOREIGN KEY (`task_todo_id`) REFERENCES `task_todos` (`id`) ON DELETE SET NULL,
  CONSTRAINT `FK_be1a23e90cd0a7c2ca063908a00` FOREIGN KEY (`user_id`) REFERENCES `users` (`id`) ON DELETE CASCADE
) ENGINE=InnoDB AUTO_INCREMENT=32 DEFAULT CHARSET=utf8mb4 COLLATE=utf8mb4_0900_ai_ci;
/*!40101 SET character_set_client = @saved_cs_client */;

--
-- Dumping data for table `timelogs`
--

LOCK TABLES `timelogs` WRITE;
/*!40000 ALTER TABLE `timelogs` DISABLE KEYS */;
INSERT INTO `timelogs` VALUES (14,7,NULL,'mengerjakan audit log page','3 min','2026-05-16 08:35:52','2026-05-16 08:38:51',NULL,'done',3,'finish','2026-05-17 02:30:16','2026-05-17 02:30:17'),(15,3,NULL,'tes','0 min','2026-05-16 14:01:32','2026-05-16 14:01:48',NULL,'done',0,'finish','2026-05-17 02:30:16','2026-05-17 02:30:17'),(16,3,NULL,'ltv','2 min','2026-05-16 20:32:52','2026-05-16 20:34:35',NULL,'done',2,'finish','2026-05-17 02:30:16','2026-05-17 02:30:17'),(17,3,NULL,'fgfcshxahg','0 min','2026-05-30 11:49:52','2026-05-30 11:50:10','sdsaca',NULL,0,'finish','2026-05-30 04:49:52','2026-05-30 04:50:09'),(18,3,NULL,'rfrffr','0 min','2026-05-30 11:50:29','2026-05-30 11:50:40',NULL,NULL,0,'pause','2026-05-30 04:50:28','2026-05-30 04:50:39'),(19,3,NULL,'test','0 min','2026-06-02 15:52:42','2026-06-02 15:52:58','halo',NULL,0,'finish','2026-06-02 08:52:42','2026-06-02 08:52:57'),(20,7,18,'halo','0 min','2026-06-02 15:55:43','2026-06-02 15:55:48',NULL,NULL,0,'pause','2026-06-02 08:55:42','2026-06-02 08:55:47'),(21,7,18,'halo','0 min','2026-06-02 15:55:55','2026-06-02 15:56:00',NULL,NULL,0,'finish','2026-06-02 08:55:55','2026-06-02 08:56:00'),(22,4,NULL,'test','0 min','2026-06-02 17:17:28','2026-06-02 17:17:32',NULL,'done',0,'finish','2026-06-02 08:58:04','2026-06-02 10:17:31'),(23,4,NULL,'hey','0 min','2026-06-02 17:17:12','2026-06-02 17:17:20',NULL,NULL,0,'finish','2026-06-02 10:05:17','2026-06-02 10:17:20'),(24,7,19,'yes','0 min','2026-06-13 13:43:50','2026-06-13 13:43:56',NULL,NULL,0,'finish','2026-06-13 06:43:50','2026-06-13 06:43:56'),(25,7,20,'testttt','1h 2m','2026-06-13 15:53:59','2026-06-13 16:56:14',NULL,NULL,62,'finish','2026-06-13 08:53:58','2026-06-13 09:56:13'),(26,3,NULL,'yes','2 min','2026-06-13 17:23:40','2026-06-13 17:25:49',NULL,NULL,2,'finish','2026-06-13 10:23:40','2026-06-13 10:25:48'),(27,7,NULL,'oke','1 min','2026-06-13 17:25:30','2026-06-13 17:26:11',NULL,NULL,1,'finish','2026-06-13 10:25:29','2026-06-13 10:26:10'),(28,12,NULL,'hey','4h','2026-06-13 12:01:32','2026-06-13 03:01:32','yes',NULL,240,'finish','2026-06-13 05:01:32','2026-06-12 20:01:32'),(29,4,NULL,'tes','0 min','2026-06-13 19:27:48','2026-06-13 19:28:14','-','selasai',0,'finish','2026-06-13 12:27:48','2026-06-13 12:28:13'),(30,3,NULL,'<script>alert(\'hello world\')</script>','12 min','2026-06-13 19:48:38','2026-06-13 20:00:47',NULL,NULL,12,'finish','2026-06-13 12:48:38','2026-06-13 13:00:47'),(31,3,NULL,'&lt;script&gt;alert(\'hello world\')&lt;/script&gt;','15h 30m','2026-06-13 20:00:57','2026-06-14 11:31:15',NULL,NULL,930,'finish','2026-06-13 13:00:57','2026-06-14 04:31:14');
/*!40000 ALTER TABLE `timelogs` ENABLE KEYS */;
UNLOCK TABLES;

--
-- Table structure for table `typeorm_migrations`
--

DROP TABLE IF EXISTS `typeorm_migrations`;
/*!40101 SET @saved_cs_client     = @@character_set_client */;
/*!50503 SET character_set_client = utf8mb4 */;
CREATE TABLE `typeorm_migrations` (
  `id` int NOT NULL AUTO_INCREMENT,
  `timestamp` bigint NOT NULL,
  `name` varchar(255) NOT NULL,
  PRIMARY KEY (`id`)
) ENGINE=InnoDB AUTO_INCREMENT=18 DEFAULT CHARSET=utf8mb4 COLLATE=utf8mb4_0900_ai_ci;
/*!40101 SET character_set_client = @saved_cs_client */;

--
-- Dumping data for table `typeorm_migrations`
--

LOCK TABLES `typeorm_migrations` WRITE;
/*!40000 ALTER TABLE `typeorm_migrations` DISABLE KEYS */;
INSERT INTO `typeorm_migrations` VALUES (1,1712920000000,'InitialSchema1712920000000'),(2,1712920000001,'KanbanRealtimeSchema1712920000001'),(3,1712920000002,'NullableTimelogTaskTodo1712920000002'),(4,1712920000003,'ConsolidateTaskSchema1712920000003'),(5,1712920000004,'NotesSchema1712920000004'),(6,1712920000005,'NotificationsSchema1712920000005'),(7,1712920000006,'TaskAuditColumns1712920000006'),(8,1712920000007,'TaskDefaultTodo1712920000007'),(9,1712920000008,'TimelogStatus1712920000008'),(10,1712920000009,'TaskProgress1712920000009'),(11,1712920000010,'UploadPhotoAndProjectTimestamps1712920000010'),(12,1712920000011,'TimelogTimestamps1712920000011'),(13,1712920000012,'GeneralNotifications1712920000012'),(14,1712920000013,'TaskAttachmentsComments1712920000013'),(15,1712920000014,'TaskTodoEstimatesUsers1712920000014'),(16,1712920000015,'AuditLogs1712920000015'),(17,1712920000016,'AuditLogDiffColumns1712920000016');
/*!40000 ALTER TABLE `typeorm_migrations` ENABLE KEYS */;
UNLOCK TABLES;

--
-- Table structure for table `users`
--

DROP TABLE IF EXISTS `users`;
/*!40101 SET @saved_cs_client     = @@character_set_client */;
/*!50503 SET character_set_client = utf8mb4 */;
CREATE TABLE `users` (
  `id` int unsigned NOT NULL AUTO_INCREMENT,
  `username` varchar(50) NOT NULL,
  `email` varchar(150) NOT NULL,
  `password` varchar(255) NOT NULL,
  `name` varchar(150) NOT NULL,
  `phone_no` varchar(30) DEFAULT NULL,
  `is_verified` tinyint(1) NOT NULL DEFAULT '0',
  `role` varchar(30) NOT NULL DEFAULT 'member',
  `status` varchar(30) NOT NULL DEFAULT 'active',
  `created_at` timestamp NOT NULL DEFAULT CURRENT_TIMESTAMP,
  `photo` varchar(255) DEFAULT NULL,
  `updated_at` timestamp NOT NULL DEFAULT CURRENT_TIMESTAMP ON UPDATE CURRENT_TIMESTAMP,
  PRIMARY KEY (`id`),
  UNIQUE KEY `IDX_USERS_USERNAME` (`username`),
  UNIQUE KEY `IDX_USERS_EMAIL` (`email`)
) ENGINE=InnoDB AUTO_INCREMENT=13 DEFAULT CHARSET=utf8mb4 COLLATE=utf8mb4_0900_ai_ci;
/*!40101 SET character_set_client = @saved_cs_client */;

--
-- Dumping data for table `users`
--

LOCK TABLES `users` WRITE;
/*!40000 ALTER TABLE `users` DISABLE KEYS */;
INSERT INTO `users` VALUES (1,'admin','admin@ondary.local','$2b$12$IMT75hlFdXJDJDV/DLVOd.u15AdWJq22UWuMWgzsEh.KPe4kdAEvq','Administrator',NULL,1,'admin','active','2026-04-29 04:50:58',NULL,'2026-06-14 04:34:07'),(3,'wilson','wilson.yeo@ondary.com','$2b$12$Irt73MIMwhqYtgdHRRwlledk3364/Mzw4wFxNKXmZbvbM13qHFa5K','Wilson yeo',NULL,0,'manager','active','2026-05-10 08:40:26',NULL,'2026-05-15 07:03:31'),(4,'hifdza','hifdza@ondary.com','$2b$12$yB2dfv/fAqCqvv1DyfbRX.SJvf8CB3KXRTJYgdsK/QNq5viPcuwqa','HIfdza Urwatul',NULL,0,'member','active','2026-05-14 06:53:15','/uploads/users/1778912756445-672439877.jpg','2026-05-16 06:25:56'),(5,'Faishal','faishal@ondary.com','$2b$12$ZUVm8wFIwL6gvCE.GfcyYOqVjPwOY8k4.KE3nZurhKmITL9gAYU96','Faishal Setiawan',NULL,0,'member','active','2026-05-15 07:02:14',NULL,'2026-05-15 07:02:14'),(7,'rayyan','rayyan@ondary.com','$2b$12$nrWcG7Z8YR8I9ImT5rxnT.1smRpGgmsks988g.X.axBARfUGbj04.','Rayyan Kheisar',NULL,0,'member','active','2026-05-15 07:02:14','uploads/users/1781333588478-705060173.jpg','2026-06-13 06:53:08'),(9,'Wilson2','wilson@ondary.com','$2b$12$xeAYHYPi0b7DIyEzTnRPxOmDjInLkEzvfbyMLUTGvVBIN.ZQjozrO','Wilson',NULL,0,'member','active','2026-05-15 07:02:41',NULL,'2026-05-15 07:02:41'),(11,'dafi','dafi@ondary.com','$2b$12$I1D0I7PWAtfyuzwGxQ5scu6JdBLY.qPcsUdTYK1dGhOpPCKl39AkG','Muhammad Khadafi',NULL,0,'member','active','2026-05-15 07:05:38',NULL,'2026-05-15 07:05:57'),(12,'jayadi','jayadi@ondary.com','$2b$12$kZ97yH/X54OGB98QP6iz0OQCiyxkEOFQKnkaGrFOEImTgO5k7AvOW','Jayadi Akbar',NULL,0,'member','active','2026-05-15 07:05:38',NULL,'2026-05-15 07:05:49');
/*!40000 ALTER TABLE `users` ENABLE KEYS */;
UNLOCK TABLES;

--
-- Dumping routines for database 'ondary'
--
/*!40103 SET TIME_ZONE=@OLD_TIME_ZONE */;

/*!40101 SET SQL_MODE=@OLD_SQL_MODE */;
/*!40014 SET FOREIGN_KEY_CHECKS=@OLD_FOREIGN_KEY_CHECKS */;
/*!40014 SET UNIQUE_CHECKS=@OLD_UNIQUE_CHECKS */;
/*!40101 SET CHARACTER_SET_CLIENT=@OLD_CHARACTER_SET_CLIENT */;
/*!40101 SET CHARACTER_SET_RESULTS=@OLD_CHARACTER_SET_RESULTS */;
/*!40101 SET COLLATION_CONNECTION=@OLD_COLLATION_CONNECTION */;
/*!40111 SET SQL_NOTES=@OLD_SQL_NOTES */;

-- Dump completed on 2026-06-14 17:55:32
